timestamp,channel,sample_idx,value_uv
23:04:59.521,0013,0,-959.025
23:04:59.521,0013,1,-449.825
23:04:59.521,0013,2,763.8
23:04:59.521,0013,3,-972.325
23:04:59.521,0013,4,-972.325
23:04:59.521,0013,5,-844.55
23:04:59.521,0013,6,23.275
23:04:59.521,0013,7,-115.9
23:04:59.521,0013,8,-350.55
23:04:59.521,0013,9,-886.825
23:04:59.521,0013,10,302.575
23:04:59.521,0013,11,857.375
23:04:59.524,0013,0,-959.025
23:04:59.524,0013,1,-449.825
23:04:59.524,0013,2,763.8
23:04:59.524,0013,3,-972.325
23:04:59.524,0013,4,-971.375
23:04:59.524,0013,5,-445.55
23:04:59.524,0013,6,555.75
23:04:59.524,0013,7,741.95
23:04:59.524,0013,8,-121.6
23:04:59.524,0013,9,867.825
23:04:59.524,0013,10,312.55
23:04:59.524,0013,11,534.85
23:04:59.582,0013,0,-959.025
23:04:59.582,0013,1,-449.825
23:04:59.582,0013,2,763.8
23:04:59.582,0013,3,-972.325
23:04:59.582,0013,4,-972.325
23:04:59.582,0013,5,-841.225
23:04:59.582,0013,6,-819.85
23:04:59.582,0013,7,-837.9
23:04:59.582,0013,8,-280.25
23:04:59.582,0013,9,-930.05
23:04:59.582,0013,10,548.15
23:04:59.582,0013,11,143.45
23:04:59.627,0013,0,-959.025
23:04:59.627,0013,1,-449.825
23:04:59.627,0013,2,763.8
23:04:59.627,0013,3,-972.325
23:04:59.627,0013,4,-970.9
23:04:59.627,0013,5,-114.475
23:04:59.627,0013,6,156.75
23:04:59.627,0013,7,505.4
23:04:59.627,0013,8,-584.725
23:04:59.627,0013,9,-822.7
23:04:59.627,0013,10,972.325
23:04:59.627,0013,11,150.575
23:04:59.688,0013,0,-959.025
23:04:59.688,0013,1,-328.225
23:04:59.688,0013,2,763.8
23:04:59.688,0013,3,-972.325
23:04:59.688,0013,4,-972.325
23:04:59.688,0013,5,-837.425
23:04:59.688,0013,6,239.875
23:04:59.688,0013,7,123.975
23:04:59.688,0013,8,538.65
23:04:59.688,0013,9,-937.175
23:04:59.688,0013,10,-911.525
23:04:59.688,0013,11,512.05
23:04:59.761,0013,0,-959.025
23:04:59.761,0013,1,-328.225
23:04:59.761,0013,2,763.8
23:04:59.761,0013,3,-972.325
23:04:59.761,0013,4,-970.9
23:04:59.761,0013,5,-113.525
23:04:59.761,0013,6,-584.725
23:04:59.761,0013,7,130.15
23:04:59.761,0013,8,676.875
23:04:59.761,0013,9,-870.2
23:04:59.761,0013,10,963.3
23:04:59.761,0013,11,28.975
23:04:59.794,0013,0,-959.025
23:04:59.794,0013,1,-328.225
23:04:59.794,0013,2,763.8
23:04:59.794,0013,3,-972.325
23:04:59.794,0013,4,-972.325
23:04:59.794,0013,5,-834.575
23:04:59.794,0013,6,674.5
23:04:59.794,0013,7,-112.1
23:04:59.794,0013,8,574.275
23:04:59.794,0013,9,887.3
23:04:59.794,0013,10,-911.525
23:04:59.794,0013,11,658.35
23:04:59.868,0013,0,-959.025
23:04:59.868,0013,1,-328.225
23:04:59.868,0013,2,763.8
23:04:59.868,0013,3,-972.325
23:04:59.868,0013,4,-971.375
23:04:59.868,0013,5,-442.7
23:04:59.868,0013,6,-357.2
23:04:59.868,0013,7,256.5
23:04:59.868,0013,8,281.2
23:04:59.868,0013,9,738.625
23:04:59.868,0013,10,183.35
23:04:59.868,0013,11,513.95
23:04:59.871,0013,0,-959.025
23:04:59.871,0013,1,-328.225
23:04:59.871,0013,2,763.8
23:04:59.871,0013,3,-972.325
23:04:59.871,0013,4,-972.325
23:04:59.871,0013,5,-830.775
23:04:59.871,0013,6,890.625
23:04:59.871,0013,7,-467.875
23:04:59.871,0013,8,831.25
23:04:59.871,0013,9,-929.1
23:04:59.871,0013,10,183.35
23:04:59.871,0013,11,-527.25
23:04:59.994,0013,0,-959.025
23:04:59.994,0013,1,-206.625
23:04:59.994,0013,2,763.8
23:04:59.994,0013,3,-972.325
23:04:59.994,0013,4,-971.375
23:04:59.994,0013,5,-441.275
23:04:59.994,0013,6,232.275
23:04:59.994,0013,7,2.85
23:04:59.994,0013,8,790.4
23:04:59.994,0013,9,639.825
23:04:59.994,0013,10,122.55
23:04:59.994,0013,11,514.425
23:05:00.028,0013,0,-959.025
23:05:00.028,0013,1,-206.625
23:05:00.028,0013,2,763.8
23:05:00.028,0013,3,-972.325
23:05:00.028,0013,4,-972.325
23:05:00.028,0013,5,-827.925
23:05:00.028,0013,6,-156.75
23:05:00.028,0013,7,614.175
23:05:00.028,0013,8,534.375
23:05:00.028,0013,9,854.05
23:05:00.028,0013,10,-60.325
23:05:00.028,0013,11,-722.95
23:05:00.128,0013,0,-959.025
23:05:00.128,0013,1,-206.625
23:05:00.128,0013,2,763.8
23:05:00.128,0013,3,-972.325
23:05:00.128,0013,4,-970.9
23:05:00.128,0013,5,-111.15
23:05:00.128,0013,6,-796.1
23:05:00.128,0013,7,254.125
23:05:00.128,0013,8,-546.725
23:05:00.128,0013,9,-743.85
23:05:00.128,0013,10,963.775
23:05:00.128,0013,11,-579.025
23:05:00.132,0013,0,-959.025
23:05:00.132,0013,1,-206.625
23:05:00.132,0013,2,763.8
23:05:00.132,0013,3,-972.325
23:05:00.132,0013,4,-972.325
23:05:00.132,0013,5,-823.65
23:05:00.132,0013,6,-826.975
23:05:00.132,0013,7,745.75
23:05:00.132,0013,8,-447.925
23:05:00.132,0013,9,861.175
23:05:00.132,0013,10,-789.925
23:05:00.132,0013,11,-114.95
23:05:00.247,0013,0,-959.025
23:05:00.247,0013,1,-85.025
23:05:00.247,0013,2,763.8
23:05:00.247,0013,3,-972.325
23:05:00.247,0013,4,-971.375
23:05:00.247,0013,5,-438.9
23:05:00.247,0013,6,771.4
23:05:00.247,0013,7,122.075
23:05:00.247,0013,8,-714.4
23:05:00.247,0013,9,829.825
23:05:00.247,0013,10,160.55
23:05:00.247,0013,11,560.025
23:05:00.249,0013,0,-959.025
23:05:00.249,0013,1,-85.025
23:05:00.249,0013,2,763.8
23:05:00.249,0013,3,-972.325
23:05:00.249,0013,4,-972.325
23:05:00.249,0013,5,-820.8
23:05:00.249,0013,6,-210.425
23:05:00.249,0013,7,-969.0
23:05:00.249,0013,8,866.875
23:05:00.249,0013,9,921.975
23:05:00.249,0013,10,788.975
23:05:00.249,0013,11,-364.325
23:05:00.362,0013,0,-959.025
23:05:00.362,0013,1,-85.025
23:05:00.362,0013,2,763.8
23:05:00.362,0013,3,-972.325
23:05:00.362,0013,4,-970.425
23:05:00.362,0013,5,-566.675
23:05:00.362,0013,6,684.0
23:05:00.362,0013,7,-960.925
23:05:00.362,0013,8,-462.65
23:05:00.362,0013,9,-936.7
23:05:00.362,0013,10,-727.7
23:05:00.362,0013,11,-714.4
23:05:00.396,0013,0,-959.025
23:05:00.396,0013,1,-85.025
23:05:00.396,0013,2,763.8
23:05:00.396,0013,3,-972.325
23:05:00.396,0013,4,-972.325
23:05:00.396,0013,5,-817.0
23:05:00.396,0013,6,12.825
23:05:00.396,0013,7,620.35
23:05:00.396,0013,8,-50.825
23:05:00.396,0013,9,966.625
23:05:00.396,0013,10,-798.0
23:05:00.396,0013,11,-665.95
23:05:00.482,0013,0,-959.025
23:05:00.482,0013,1,36.575
23:05:00.482,0013,2,763.8
23:05:00.482,0013,3,-972.325
23:05:00.482,0013,4,-972.325
23:05:00.482,0013,5,-813.675
23:05:00.482,0013,6,-574.275
23:05:00.482,0013,7,0.95
23:05:00.482,0013,8,-760.95
23:05:00.482,0013,9,-825.075
23:05:00.482,0013,10,61.275
23:05:00.482,0013,11,665.95
23:05:00.512,0013,0,-959.025
23:05:00.512,0013,1,36.575
23:05:00.512,0013,2,763.8
23:05:00.512,0013,3,-972.325
23:05:00.512,0013,4,-971.375
23:05:00.512,0013,5,-435.575
23:05:00.512,0013,6,-104.975
23:05:00.512,0013,7,5.7
23:05:00.512,0013,8,-546.725
23:05:00.512,0013,9,-880.175
23:05:00.512,0013,10,380.95
23:05:00.512,0013,11,580.925
23:05:00.615,0013,0,-959.025
23:05:00.615,0013,1,36.575
23:05:00.615,0013,2,763.8
23:05:00.615,0013,3,-972.325
23:05:00.615,0013,4,-972.325
23:05:00.615,0013,5,-810.35
23:05:00.615,0013,6,908.2
23:05:00.615,0013,7,-721.05
23:05:00.615,0013,8,-263.625
23:05:00.615,0013,9,931.475
23:05:00.615,0013,10,181.45
23:05:00.615,0013,11,-573.325
23:05:00.618,0013,0,-959.025
23:05:00.618,0013,1,36.575
23:05:00.618,0013,2,763.8
23:05:00.618,0013,3,-972.325
23:05:00.618,0013,4,-970.9
23:05:00.618,0013,5,-106.4
23:05:00.618,0013,6,785.65
23:05:00.618,0013,7,-349.125
23:05:00.618,0013,8,-501.125
23:05:00.618,0013,9,-760.95
23:05:00.618,0013,10,961.875
23:05:00.618,0013,11,150.575
23:05:00.691,0013,0,-959.025
23:05:00.691,0013,1,36.575
23:05:00.691,0013,2,763.8
23:05:00.691,0013,3,-972.325
23:05:00.691,0013,4,-972.325
23:05:00.691,0013,5,-807.025
23:05:00.691,0013,6,76.475
23:05:00.691,0013,7,-590.9
23:05:00.691,0013,8,814.15
23:05:00.691,0013,9,-959.975
23:05:00.691,0013,10,-789.925
23:05:00.691,0013,11,-922.45
23:05:00.731,0013,0,-959.025
23:05:00.731,0013,1,158.175
23:05:00.731,0013,2,763.8
23:05:00.731,0013,3,-972.325
23:05:00.731,0013,4,-971.375
23:05:00.731,0013,5,-433.2
23:05:00.731,0013,6,7.125
23:05:00.731,0013,7,-969.95
23:05:00.731,0013,8,-265.525
23:05:00.731,0013,9,-887.775
23:05:00.731,0013,10,342.95
23:05:00.731,0013,11,593.275
23:05:00.761,0013,0,-959.025
23:05:00.761,0013,1,158.175
23:05:00.761,0013,2,763.8
23:05:00.761,0013,3,-972.325
23:05:00.761,0013,4,-972.325
23:05:00.761,0013,5,-804.65
23:05:00.761,0013,6,200.45
23:05:00.761,0013,7,2.85
23:05:00.761,0013,8,-240.35
23:05:00.761,0013,9,-808.925
23:05:00.761,0013,10,-181.45
23:05:00.761,0013,11,-379.05
23:05:00.875,0013,0,-959.025
23:05:00.875,0013,1,158.175
23:05:00.875,0013,2,763.8
23:05:00.875,0013,3,-972.325
23:05:00.875,0013,4,-970.9
23:05:00.875,0013,5,-104.975
23:05:00.875,0013,6,341.05
23:05:00.875,0013,7,130.625
23:05:00.875,0013,8,-706.325
23:05:00.875,0013,9,-795.15
23:05:00.875,0013,10,961.4
23:05:00.875,0013,11,-335.825
23:05:00.909,0013,0,-959.025
23:05:00.909,0013,1,158.175
23:05:00.909,0013,2,763.8
23:05:00.909,0013,3,-972.325
23:05:00.909,0013,4,-972.325
23:05:00.909,0013,5,-800.375
23:05:00.909,0013,6,-374.775
23:05:00.909,0013,7,256.5
23:05:00.909,0013,8,263.15
23:05:00.909,0013,9,-939.55
23:05:00.909,0013,10,61.275
23:05:00.909,0013,11,382.85
23:05:00.999,0013,0,-959.025
23:05:00.999,0013,1,158.175
23:05:00.999,0013,2,763.8
23:05:00.999,0013,3,-972.325
23:05:00.999,0013,4,-970.9
23:05:00.999,0013,5,-104.025
23:05:00.999,0013,6,-940.025
23:05:00.999,0013,7,-711.55
23:05:00.999,0013,8,-858.325
23:05:00.999,0013,9,-848.35
23:05:00.999,0013,10,962.825
23:05:00.999,0013,11,-700.625
23:05:01.033,0013,0,-959.025
23:05:01.033,0013,1,279.775
23:05:01.033,0013,2,763.8
23:05:01.033,0013,3,-972.325
23:05:01.033,0013,4,-972.325
23:05:01.033,0013,5,-797.05
23:05:01.033,0013,6,-1.425
23:05:01.033,0013,7,-971.375
23:05:01.033,0013,8,764.275
23:05:01.033,0013,9,940.5
23:05:01.033,0013,10,788.975
23:05:01.033,0013,11,44.175
23:05:01.111,0013,0,-959.025
23:05:01.111,0013,1,279.775
23:05:01.111,0013,2,763.8
23:05:01.111,0013,3,-972.325
23:05:01.111,0013,4,-970.9
23:05:01.111,0013,5,-103.075
23:05:01.111,0013,6,-176.7
23:05:01.111,0013,7,-600.875
23:05:01.111,0013,8,-364.325
23:05:01.111,0013,9,-742.425
23:05:01.111,0013,10,958.075
23:05:01.111,0013,11,-943.35
23:05:01.143,0013,0,-959.025
23:05:01.143,0013,1,279.775
23:05:01.143,0013,2,763.8
23:05:01.143,0013,3,-972.325
23:05:01.143,0013,4,-972.325
23:05:01.143,0013,5,-793.25
23:05:01.143,0013,6,586.625
23:05:01.143,0013,7,740.05
23:05:01.143,0013,8,-510.625
23:05:01.143,0013,9,854.525
23:05:01.143,0013,10,919.125
23:05:01.143,0013,11,268.375
23:05:01.247,0013,0,-959.025
23:05:01.247,0013,1,279.775
23:05:01.247,0013,2,763.8
23:05:01.247,0013,3,-972.325
23:05:01.247,0013,4,-970.9
23:05:01.247,0013,5,-102.125
23:05:01.247,0013,6,487.35
23:05:01.247,0013,7,380.95
23:05:01.247,0013,8,547.675
23:05:01.247,0013,9,-868.3
23:05:01.247,0013,10,959.5
23:05:01.247,0013,11,515.375
23:05:01.251,0013,0,-959.025
23:05:01.251,0013,1,279.775
23:05:01.251,0013,2,763.8
23:05:01.251,0013,3,-972.325
23:05:01.251,0013,4,-972.325
23:05:01.251,0013,5,-789.925
23:05:01.251,0013,6,-237.5
23:05:01.251,0013,7,869.725
23:05:01.251,0013,8,-947.15
23:05:01.251,0013,9,-826.975
23:05:01.251,0013,10,-60.325
23:05:01.251,0013,11,-510.15
23:05:01.373,0013,0,-959.025
23:05:01.373,0013,1,401.375
23:05:01.373,0013,2,763.8
23:05:01.373,0013,3,-972.325
23:05:01.373,0013,4,-972.325
23:05:01.373,0013,5,-787.075
23:05:01.373,0013,6,434.15
23:05:01.373,0013,7,-115.425
23:05:01.373,0013,8,-538.65
23:05:01.373,0013,9,-940.975
23:05:01.373,0013,10,-424.65
23:05:01.373,0013,11,-734.35
23:05:01.376,0013,0,-959.025
23:05:01.376,0013,1,401.375
23:05:01.376,0013,2,763.8
23:05:01.376,0013,3,-972.325
23:05:01.376,0013,4,-972.325
23:05:01.376,0013,5,-786.125
23:05:01.376,0013,6,442.7
23:05:01.376,0013,7,-235.125
23:05:01.376,0013,8,477.375
23:05:01.376,0013,9,956.65
23:05:01.376,0013,10,-548.15
23:05:01.376,0013,11,51.775
23:05:01.491,0013,0,-959.025
23:05:01.491,0013,1,401.375
23:05:01.491,0013,2,763.8
23:05:01.491,0013,3,-972.325
23:05:01.491,0013,4,-971.375
23:05:01.491,0013,5,-426.55
23:05:01.491,0013,6,-768.075
23:05:01.491,0013,7,-718.2
23:05:01.491,0013,8,-402.8
23:05:01.491,0013,9,890.625
23:05:01.491,0013,10,259.35
23:05:01.491,0013,11,575.225
23:05:01.494,0013,0,-959.025
23:05:01.494,0013,1,401.375
23:05:01.494,0013,2,763.8
23:05:01.494,0013,3,-972.325
23:05:01.494,0013,4,-972.325
23:05:01.494,0013,5,-782.8
23:05:01.494,0013,6,-381.425
23:05:01.494,0013,7,-105.45
23:05:01.494,0013,8,479.275
23:05:01.494,0013,9,891.1
23:05:01.494,0013,10,-303.525
23:05:01.494,0013,11,-179.55
23:05:01.612,0013,0,-959.025
23:05:01.612,0013,1,522.975
23:05:01.612,0013,2,763.8
23:05:01.612,0013,3,-972.325
23:05:01.612,0013,4,-972.325
23:05:01.612,0013,5,-779.95
23:05:01.612,0013,6,289.75
23:05:01.612,0013,7,855.0
23:05:01.612,0013,8,-500.65
23:05:01.612,0013,9,-888.25
23:05:01.612,0013,10,-912.95
23:05:01.612,0013,11,-666.425
23:05:01.615,0013,0,-959.025
23:05:01.615,0013,1,522.975
23:05:01.615,0013,2,763.8
23:05:01.615,0013,3,-972.325
23:05:01.615,0013,4,-972.325
23:05:01.615,0013,5,-779.0
23:05:01.615,0013,6,-902.025
23:05:01.615,0013,7,-845.5
23:05:01.615,0013,8,335.35
23:05:01.615,0013,9,-680.675
23:05:01.615,0013,10,669.75
23:05:01.615,0013,11,-567.15
23:05:01.728,0013,0,-959.025
23:05:01.728,0013,1,522.975
23:05:01.728,0013,2,763.8
23:05:01.728,0013,3,-972.325
23:05:01.728,0013,4,-970.425
23:05:01.728,0013,5,-563.35
23:05:01.728,0013,6,-687.325
23:05:01.728,0013,7,863.55
23:05:01.728,0013,8,-455.05
23:05:01.728,0013,9,-936.7
23:05:01.728,0013,10,-727.7
23:05:01.728,0013,11,-592.8
23:05:01.761,0013,0,-959.025
23:05:01.761,0013,1,522.975
23:05:01.761,0013,2,763.8
23:05:01.761,0013,3,-972.325
23:05:01.761,0013,4,-972.325
23:05:01.761,0013,5,-775.2
23:05:01.761,0013,6,894.425
23:05:01.761,0013,7,500.65
23:05:01.761,0013,8,563.35
23:05:01.761,0013,9,-859.275
23:05:01.761,0013,10,303.525
23:05:01.761,0013,11,-299.725
23:05:01.869,0013,0,-959.025
23:05:01.869,0013,1,644.575
23:05:01.869,0013,2,763.8
23:05:01.869,0013,3,-972.325
23:05:01.869,0013,4,-972.325
23:05:01.869,0013,5,-772.35
23:05:01.869,0013,6,-379.525
23:05:01.869,0013,7,-362.9
23:05:01.869,0013,8,-344.85
23:05:01.869,0013,9,-820.8
23:05:01.869,0013,10,548.15
23:05:01.869,0013,11,293.55
23:05:01.873,0013,0,-959.025
23:05:01.873,0013,1,644.575
23:05:01.873,0013,2,763.8
23:05:01.873,0013,3,-972.325
23:05:01.873,0013,4,-970.9
23:05:01.873,0013,5,-96.425
23:05:01.873,0013,6,-313.975
23:05:01.873,0013,7,374.775
23:05:01.873,0013,8,-683.525
23:05:01.873,0013,9,-822.225
23:05:01.873,0013,10,964.725
23:05:01.873,0013,11,-335.825
23:05:01.987,0013,0,-959.025
23:05:01.987,0013,1,644.575
23:05:01.987,0013,2,763.8
23:05:01.987,0013,3,-972.325
23:05:01.987,0013,4,-972.325
23:05:01.987,0013,5,-769.025
23:05:01.987,0013,6,-831.25
23:05:01.987,0013,7,-111.625
23:05:01.987,0013,8,-181.45
23:05:01.987,0013,9,-872.575
23:05:01.987,0013,10,-548.625
23:05:01.987,0013,11,-461.225
23:05:01.991,0013,0,-959.025
23:05:01.991,0013,1,644.575
23:05:01.991,0013,2,763.8
23:05:01.991,0013,3,-972.325
23:05:01.991,0013,4,-971.375
23:05:01.991,0013,5,-420.375
23:05:01.991,0013,6,-525.825
23:05:01.991,0013,7,-956.175
23:05:01.991,0013,8,668.8
23:05:01.991,0013,9,693.025
23:05:01.991,0013,10,122.55
23:05:01.991,0013,11,559.075
23:05:02.049,0013,0,-959.025
23:05:02.049,0013,1,644.575
23:05:02.049,0013,2,763.8
23:05:02.049,0013,3,-972.325
23:05:02.049,0013,4,-972.325
23:05:02.049,0013,5,-765.7
23:05:02.049,0013,6,575.225
23:05:02.049,0013,7,-104.025
23:05:02.049,0013,8,567.15
23:05:02.049,0013,9,-931.0
23:05:02.049,0013,10,912.95
23:05:02.049,0013,11,-352.45
23:05:02.118,0013,0,-959.025
23:05:02.118,0013,1,766.175
23:05:02.118,0013,2,763.8
23:05:02.118,0013,3,-972.325
23:05:02.118,0013,4,-970.9
23:05:02.118,0013,5,-95.0
23:05:02.118,0013,6,376.2
23:05:02.118,0013,7,-725.8
23:05:02.118,0013,8,-668.325
23:05:02.118,0013,9,-776.15
23:05:02.118,0013,10,961.4
23:05:02.118,0013,11,-700.625
23:05:02.191,0013,0,-959.025
23:05:02.191,0013,1,766.175
23:05:02.191,0013,2,763.8
23:05:02.191,0013,3,-972.325
23:05:02.191,0013,4,-972.325
23:05:02.191,0013,5,-762.375
23:05:02.191,0013,6,283.1
23:05:02.191,0013,7,493.05
23:05:02.191,0013,8,-747.65
23:05:02.191,0013,9,-887.3
23:05:02.191,0013,10,-61.75
23:05:02.191,0013,11,-843.125
23:05:02.248,0013,0,-959.025
23:05:02.248,0013,1,766.175
23:05:02.248,0013,2,763.8
23:05:02.248,0013,3,-972.325
23:05:02.248,0013,4,-971.375
23:05:02.248,0013,5,-418.0
23:05:02.248,0013,6,-421.8
23:05:02.248,0013,7,14.25
23:05:02.248,0013,8,-243.2
23:05:02.248,0013,9,814.625
23:05:02.248,0013,10,236.55
23:05:02.248,0013,11,555.275
23:05:02.253,0013,0,-959.025
23:05:02.253,0013,1,766.175
23:05:02.253,0013,2,763.8
23:05:02.253,0013,3,-972.325
23:05:02.253,0013,4,-972.325
23:05:02.253,0013,5,-759.525
23:05:02.253,0013,6,-486.875
23:05:02.253,0013,7,-230.375
23:05:02.253,0013,8,-873.05
23:05:02.253,0013,9,-812.725
23:05:02.253,0013,10,-303.525
23:05:02.253,0013,11,791.35
23:05:02.355,0013,0,-959.025
23:05:02.355,0013,1,887.775
23:05:02.355,0013,2,763.8
23:05:02.355,0013,3,-972.325
23:05:02.355,0013,4,-972.325
23:05:02.355,0013,5,-756.675
23:05:02.355,0013,6,184.3
23:05:02.355,0013,7,730.075
23:05:02.355,0013,8,44.175
23:05:02.355,0013,9,869.725
23:05:02.355,0013,10,-182.4
23:05:02.355,0013,11,379.05
23:05:02.386,0013,0,-959.025
23:05:02.386,0013,1,887.775
23:05:02.386,0013,2,763.8
23:05:02.386,0013,3,-972.325
23:05:02.386,0013,4,-972.325
23:05:02.386,0013,5,-755.725
23:05:02.386,0013,6,192.85
23:05:02.386,0013,7,610.375
23:05:02.386,0013,8,-686.85
23:05:02.386,0013,9,-734.825
23:05:02.386,0013,10,303.525
23:05:02.386,0013,11,536.275
23:05:02.499,0013,0,-959.025
23:05:02.499,0013,1,887.775
23:05:02.499,0013,2,763.8
23:05:02.499,0013,3,-972.325
23:05:02.499,0013,4,-971.375
23:05:02.499,0013,5,-416.1
23:05:02.499,0013,6,47.025
23:05:02.499,0013,7,-965.2
23:05:02.499,0013,8,-190.0
23:05:02.499,0013,9,898.225
23:05:02.499,0013,10,411.35
23:05:02.499,0013,11,575.225
23:05:02.503,0013,0,-959.025
23:05:02.503,0013,1,887.775
23:05:02.503,0013,2,763.8
23:05:02.503,0013,3,-972.325
23:05:02.503,0013,4,-970.425
23:05:02.503,0013,5,-561.45
23:05:02.503,0013,6,-258.875
23:05:02.503,0013,7,861.65
23:05:02.503,0013,8,-455.05
23:05:02.503,0013,9,-936.7
23:05:02.503,0013,10,-727.7
23:05:02.503,0013,11,-714.4
23:05:02.618,0013,0,-959.025
23:05:02.618,0013,1,887.775
23:05:02.618,0013,2,763.8
23:05:02.618,0013,3,-972.325
23:05:02.618,0013,4,-972.325
23:05:02.618,0013,5,-749.075
23:05:02.618,0013,6,635.55
23:05:02.618,0013,7,869.725
23:05:02.618,0013,8,-808.45
23:05:02.618,0013,9,-732.45
23:05:02.618,0013,10,53.2
23:05:02.618,0013,11,525.35
23:05:02.621,0013,0,-958.55
23:05:02.621,0013,1,-936.225
23:05:02.621,0013,2,763.8
23:05:02.621,0013,3,-972.325
23:05:02.621,0013,4,-972.325
23:05:02.621,0013,5,-748.125
23:05:02.621,0013,6,-837.425
23:05:02.621,0013,7,122.55
23:05:02.621,0013,8,161.975
23:05:02.621,0013,9,879.7
23:05:02.621,0013,10,547.675
23:05:02.621,0013,11,-255.55
23:05:02.731,0013,0,-958.55
23:05:02.731,0013,1,-936.225
23:05:02.731,0013,2,763.8
23:05:02.731,0013,3,-972.325
23:05:02.731,0013,4,-972.325
23:05:02.731,0013,5,-745.275
23:05:02.731,0013,6,-629.85
23:05:02.731,0013,7,-113.525
23:05:02.731,0013,8,-292.125
23:05:02.731,0013,9,932.9
23:05:02.731,0013,10,-548.625
23:05:02.731,0013,11,-394.725
23:05:02.783,0013,0,-958.55
23:05:02.783,0013,1,-936.225
23:05:02.783,0013,2,763.8
23:05:02.783,0013,3,-972.325
23:05:02.783,0013,4,-972.325
23:05:02.783,0013,5,-744.8
23:05:02.783,0013,6,656.45
23:05:02.783,0013,7,252.7
23:05:02.783,0013,8,888.25
23:05:02.783,0013,9,-957.125
23:05:02.783,0013,10,-175.275
23:05:02.783,0013,11,397.575
23:05:02.872,0013,0,-958.55
23:05:02.872,0013,1,-936.225
23:05:02.872,0013,2,763.8
23:05:02.872,0013,3,-972.325
23:05:02.872,0013,4,-972.325
23:05:02.872,0013,5,-741.475
23:05:02.872,0013,6,-394.725
23:05:02.872,0013,7,382.375
23:05:02.872,0013,8,-330.125
23:05:02.872,0013,9,864.975
23:05:02.872,0013,10,304.0
23:05:02.872,0013,11,-502.55
23:05:02.875,0013,0,-958.55
23:05:02.875,0013,1,-814.625
23:05:02.875,0013,2,763.8
23:05:02.875,0013,3,-972.325
23:05:02.875,0013,4,-972.325
23:05:02.875,0013,5,-740.525
23:05:02.875,0013,6,77.9
23:05:02.875,0013,7,-486.4
23:05:02.875,0013,8,833.15
23:05:02.875,0013,9,-965.2
23:05:02.875,0013,10,-661.675
23:05:02.875,0013,11,243.675
23:05:02.971,0013,0,-958.55
23:05:02.971,0013,1,-814.625
23:05:02.971,0013,2,763.8
23:05:02.971,0013,3,-972.325
23:05:02.971,0013,4,-972.325
23:05:02.971,0013,5,-737.675
23:05:02.971,0013,6,293.075
23:05:02.971,0013,7,-722.95
23:05:02.971,0013,8,67.45
23:05:02.971,0013,9,-950.95
23:05:02.971,0013,10,426.55
23:05:02.971,0013,11,-532.95
23:05:03.003,0013,0,-958.55
23:05:03.003,0013,1,-814.625
23:05:03.003,0013,2,763.8
23:05:03.003,0013,3,-972.325
23:05:03.003,0013,4,-972.325
23:05:03.003,0013,5,-737.2
23:05:03.003,0013,6,-20.425
23:05:03.003,0013,7,-965.2
23:05:03.003,0013,8,277.875
23:05:03.003,0013,9,860.7
23:05:03.003,0013,10,-668.8
23:05:03.003,0013,11,954.75
23:05:03.060,0013,0,-958.55
23:05:03.060,0013,1,-814.625
23:05:03.060,0013,2,763.8
23:05:03.060,0013,3,-972.325
23:05:03.060,0013,4,-972.325
23:05:03.060,0013,5,-734.35
23:05:03.060,0013,6,194.275
23:05:03.060,0013,7,743.85
23:05:03.060,0013,8,-422.75
23:05:03.060,0013,9,-874.475
23:05:03.060,0013,10,-791.35
23:05:03.060,0013,11,-620.825
23:05:03.117,0013,0,-958.55
23:05:03.117,0013,1,-693.025
23:05:03.117,0013,2,763.8
23:05:03.117,0013,3,-972.325
23:05:03.117,0013,4,-970.9
23:05:03.117,0013,5,-86.925
23:05:03.117,0013,6,-950.475
23:05:03.117,0013,7,486.4
23:05:03.117,0013,8,448.875
23:05:03.117,0013,9,-767.125
23:05:03.117,0013,10,959.5
23:05:03.117,0013,11,636.975
23:05:03.195,0013,0,-958.55
23:05:03.195,0013,1,-693.025
23:05:03.195,0013,2,763.8
23:05:03.195,0013,3,-972.325
23:05:03.195,0013,4,-972.325
23:05:03.195,0013,5,-731.025
23:05:03.195,0013,6,-165.775
23:05:03.195,0013,7,124.925
23:05:03.195,0013,8,724.375
23:05:03.195,0013,9,886.35
23:05:03.195,0013,10,-667.85
23:05:03.195,0013,11,-829.35
23:05:03.236,0013,0,-958.55
23:05:03.236,0013,1,-693.025
23:05:03.236,0013,2,763.8
23:05:03.236,0013,3,-972.325
23:05:03.236,0013,4,-970.9
23:05:03.236,0013,5,-85.975
23:05:03.236,0013,6,-285.95
23:05:03.236,0013,7,-477.375
23:05:03.236,0013,8,99.275
23:05:03.236,0013,9,-772.825
23:05:03.236,0013,10,963.775
23:05:03.236,0013,11,150.575
23:05:03.270,0013,0,-958.55
23:05:03.270,0013,1,-693.025
23:05:03.270,0013,2,763.8
23:05:03.270,0013,3,-972.325
23:05:03.270,0013,4,-972.325
23:05:03.270,0013,5,-849.775
23:05:03.270,0013,6,318.25
23:05:03.270,0013,7,374.775
23:05:03.270,0013,8,38.475
23:05:03.270,0013,9,955.7
23:05:03.270,0013,10,-548.15
23:05:03.270,0013,11,551.475
23:05:03.362,0013,0,-958.55
23:05:03.362,0013,1,-693.025
23:05:03.362,0013,2,763.8
23:05:03.362,0013,3,-972.325
23:05:03.362,0013,4,-970.9
23:05:03.362,0013,5,-85.5
23:05:03.362,0013,6,-351.975
23:05:03.362,0013,7,256.5
23:05:03.362,0013,8,160.075
23:05:03.362,0013,9,-757.15
23:05:03.362,0013,10,961.875
23:05:03.362,0013,11,272.175
23:05:03.394,0013,0,-958.55
23:05:03.394,0013,1,-693.025
23:05:03.394,0013,2,763.8
23:05:03.394,0013,3,-972.325
23:05:03.394,0013,4,-972.325
23:05:03.394,0013,5,-845.975
23:05:03.394,0013,6,-459.8
23:05:03.394,0013,7,-102.6
23:05:03.394,0013,8,-850.25
23:05:03.394,0013,9,-940.5
23:05:03.394,0013,10,912.475
23:05:03.394,0013,11,447.45
23:05:03.484,0013,0,-958.55
23:05:03.484,0013,1,-571.425
23:05:03.484,0013,2,763.8
23:05:03.484,0013,3,-972.325
23:05:03.484,0013,4,-970.9
23:05:03.484,0013,5,-84.55
23:05:03.484,0013,6,776.15
23:05:03.484,0013,7,489.25
23:05:03.484,0013,8,578.075
23:05:03.484,0013,9,-730.55
23:05:03.484,0013,10,963.775
23:05:03.484,0013,11,-92.625
23:05:03.515,0013,0,-958.55
23:05:03.515,0013,1,-571.425
23:05:03.515,0013,2,763.8
23:05:03.515,0013,3,-972.325
23:05:03.515,0013,4,-972.325
23:05:03.515,0013,5,-842.65
23:05:03.515,0013,6,-749.075
23:05:03.515,0013,7,-236.075
23:05:03.515,0013,8,71.25
23:05:03.515,0013,9,-969.95
23:05:03.515,0013,10,-790.4
23:05:03.515,0013,11,-855.95
23:05:03.619,0013,0,-958.55
23:05:03.619,0013,1,-571.425
23:05:03.619,0013,2,763.8
23:05:03.619,0013,3,-972.325
23:05:03.619,0013,4,-970.9
23:05:03.619,0013,5,-83.6
23:05:03.619,0013,6,-497.325
23:05:03.619,0013,7,-353.4
23:05:03.619,0013,8,882.075
23:05:03.619,0013,9,-820.8
23:05:03.619,0013,10,962.35
23:05:03.619,0013,11,-700.625
23:05:03.651,0013,0,-958.55
23:05:03.651,0013,1,-571.425
23:05:03.651,0013,2,763.8
23:05:03.651,0013,3,-972.325
23:05:03.651,0013,4,-972.325
23:05:03.651,0013,5,-838.85
23:05:03.651,0013,6,769.5
23:05:03.651,0013,7,-712.975
23:05:03.651,0013,8,-375.725
23:05:03.651,0013,9,940.025
23:05:03.651,0013,10,59.375
23:05:03.651,0013,11,627.475
23:05:03.738,0013,0,-958.55
23:05:03.738,0013,1,-571.425
23:05:03.738,0013,2,763.8
23:05:03.738,0013,3,-972.325
23:05:03.738,0013,4,-971.375
23:05:03.738,0013,5,-403.75
23:05:03.738,0013,6,-389.025
23:05:03.738,0013,7,261.725
23:05:03.738,0013,8,950.0
23:05:03.738,0013,9,799.425
23:05:03.738,0013,10,426.55
23:05:03.738,0013,11,575.225
23:05:03.741,0013,0,-958.55
23:05:03.741,0013,1,-449.825
23:05:03.741,0013,2,763.8
23:05:03.741,0013,3,-972.325
23:05:03.741,0013,4,-972.325
23:05:03.741,0013,5,-836.0
23:05:03.741,0013,6,-571.9
23:05:03.741,0013,7,732.925
23:05:03.741,0013,8,-681.15
23:05:03.741,0013,9,-960.925
23:05:03.741,0013,10,60.8
23:05:03.741,0013,11,375.25
23:05:03.875,0013,0,-958.55
23:05:03.875,0013,1,-449.825
23:05:03.875,0013,2,763.8
23:05:03.875,0013,3,-972.325
23:05:03.875,0013,4,-972.325
23:05:03.875,0013,5,-832.675
23:05:03.875,0013,6,322.525
23:05:03.875,0013,7,741.0
23:05:03.875,0013,8,-275.025
23:05:03.875,0013,9,951.9
23:05:03.875,0013,10,-304.475
23:05:03.875,0013,11,502.075
23:05:03.878,0013,0,-958.55
23:05:03.878,0013,1,-449.825
23:05:03.878,0013,2,763.8
23:05:03.878,0013,3,-972.325
23:05:03.878,0013,4,-970.425
23:05:03.878,0013,5,-558.125
23:05:03.878,0013,6,566.675
23:05:03.878,0013,7,134.425
23:05:03.878,0013,8,-462.65
23:05:03.878,0013,9,-936.225
23:05:03.878,0013,10,-727.7
23:05:03.878,0013,11,-471.2
23:05:03.994,0013,0,-958.55
23:05:03.994,0013,1,-328.225
23:05:03.994,0013,2,763.8
23:05:03.994,0013,3,-972.325
23:05:03.994,0013,4,-972.325
23:05:03.994,0013,5,-828.875
23:05:03.994,0013,6,-12.825
23:05:03.994,0013,7,-484.975
23:05:03.994,0013,8,966.15
23:05:03.994,0013,9,-924.825
23:05:03.994,0013,10,-181.45
23:05:03.994,0013,11,-382.85
23:05:03.997,0013,0,-958.55
23:05:03.997,0013,1,-328.225
23:05:03.997,0013,2,763.8
23:05:03.997,0013,3,-972.325
23:05:03.997,0013,4,-972.325
23:05:03.997,0013,5,-828.4
23:05:03.997,0013,6,971.85
23:05:03.997,0013,7,245.1
23:05:03.997,0013,8,-181.45
23:05:03.997,0013,9,-967.1
23:05:03.997,0013,10,-904.875
23:05:03.997,0013,11,101.175
23:05:04.111,0013,0,-958.55
23:05:04.111,0013,1,-328.225
23:05:04.111,0013,2,763.8
23:05:04.111,0013,3,-972.325
23:05:04.111,0013,4,-972.325
23:05:04.111,0013,5,-825.55
23:05:04.111,0013,6,-766.175
23:05:04.111,0013,7,130.625
23:05:04.111,0013,8,-475.95
23:05:04.111,0013,9,-860.225
23:05:04.111,0013,10,911.05
23:05:04.111,0013,11,608.475
23:05:04.142,0013,0,-958.55
23:05:04.142,0013,1,-328.225
23:05:04.142,0013,2,763.8
23:05:04.142,0013,3,-972.325
23:05:04.142,0013,4,-972.325
23:05:04.142,0013,5,-824.6
23:05:04.142,0013,6,537.225
23:05:04.142,0013,7,-110.2
23:05:04.142,0013,8,396.15
23:05:04.142,0013,9,-936.7
23:05:04.142,0013,10,-181.45
23:05:04.142,0013,11,500.65
23:05:04.232,0013,0,-958.55
23:05:04.232,0013,1,-206.625
23:05:04.232,0013,2,763.8
23:05:04.232,0013,3,-972.325
23:05:04.232,0013,4,-972.325
23:05:04.232,0013,5,-821.275
23:05:04.232,0013,6,-49.875
23:05:04.232,0013,7,-729.6
23:05:04.232,0013,8,-352.45
23:05:04.232,0013,9,-733.875
23:05:04.232,0013,10,-61.75
23:05:04.232,0013,11,712.975
23:05:04.236,0013,0,-958.55
23:05:04.236,0013,1,-206.625
23:05:04.236,0013,2,763.8
23:05:04.236,0013,3,-972.325
23:05:04.236,0013,4,-969.0
23:05:04.236,0013,5,9.025
23:05:04.236,0013,6,-36.575
23:05:04.236,0013,7,374.3
23:05:04.236,0013,8,-592.8
23:05:04.236,0013,9,-605.625
23:05:04.236,0013,10,-967.575
23:05:04.236,0013,11,243.2
23:05:04.305,0013,0,-958.55
23:05:04.305,0013,1,-206.625
23:05:04.305,0013,2,763.8
23:05:04.305,0013,3,-972.325
23:05:04.305,0013,4,-972.325
23:05:04.305,0013,5,-818.425
23:05:04.305,0013,6,90.725
23:05:04.305,0013,7,-601.825
23:05:04.305,0013,8,800.85
23:05:04.305,0013,9,-934.8
23:05:04.305,0013,10,-59.85
23:05:04.305,0013,11,-546.25
23:05:04.361,0013,0,-958.55
23:05:04.361,0013,1,-206.625
23:05:04.361,0013,2,763.8
23:05:04.361,0013,3,-972.325
23:05:04.361,0013,4,-971.375
23:05:04.361,0013,5,-396.625
23:05:04.361,0013,6,-144.4
23:05:04.361,0013,7,11.4
23:05:04.361,0013,8,-532.0
23:05:04.361,0013,9,913.425
23:05:04.361,0013,10,540.55
23:05:04.361,0013,11,598.5
23:05:04.394,0013,0,-958.55
23:05:04.394,0013,1,-206.625
23:05:04.394,0013,2,763.8
23:05:04.394,0013,3,-972.325
23:05:04.394,0013,4,-972.325
23:05:04.394,0013,5,-815.1
23:05:04.394,0013,6,11.4
23:05:04.394,0013,7,-228.475
23:05:04.394,0013,8,-299.725
23:05:04.394,0013,9,943.35
23:05:04.394,0013,10,59.85
23:05:04.394,0013,11,-926.725
23:05:04.505,0013,0,-958.55
23:05:04.505,0013,1,-206.625
23:05:04.505,0013,2,763.8
23:05:04.505,0013,3,-972.325
23:05:04.505,0013,4,-970.9
23:05:04.505,0013,5,-76.475
23:05:04.505,0013,6,931.475
23:05:04.505,0013,7,383.325
23:05:04.505,0013,8,646.475
23:05:04.505,0013,9,-758.575
23:05:04.505,0013,10,961.4
23:05:04.505,0013,11,-457.425
23:05:04.538,0013,0,-958.55
23:05:04.538,0013,1,-85.025
23:05:04.538,0013,2,763.8
23:05:04.538,0013,3,-972.325
23:05:04.538,0013,4,-972.325
23:05:04.538,0013,5,-812.25
23:05:04.538,0013,6,518.225
23:05:04.538,0013,7,-241.3
23:05:04.538,0013,8,-116.85
23:05:04.538,0013,9,-830.775
23:05:04.538,0013,10,547.2
23:05:04.538,0013,11,639.35
23:05:04.625,0013,0,-958.55
23:05:04.625,0013,1,-85.025
23:05:04.625,0013,2,763.8
23:05:04.625,0013,3,-972.325
23:05:04.625,0013,4,-970.9
23:05:04.625,0013,5,-75.525
23:05:04.625,0013,6,114.0
23:05:04.625,0013,7,737.675
23:05:04.625,0013,8,380.475
23:05:04.625,0013,9,-749.55
23:05:04.625,0013,10,964.725
23:05:04.625,0013,11,-335.825
23:05:04.630,0013,0,-958.55
23:05:04.630,0013,1,-85.025
23:05:04.630,0013,2,763.8
23:05:04.630,0013,3,-972.325
23:05:04.630,0013,4,-970.425
23:05:04.630,0013,5,-556.225
23:05:04.630,0013,6,91.2
23:05:04.630,0013,7,-596.6
23:05:04.630,0013,8,-447.45
23:05:04.630,0013,9,-936.225
23:05:04.630,0013,10,-727.7
23:05:04.630,0013,11,-836.0
23:05:04.739,0013,0,-958.55
23:05:04.739,0013,1,-85.025
23:05:04.739,0013,2,763.8
23:05:04.739,0013,3,-972.325
23:05:04.739,0013,4,-970.9
23:05:04.739,0013,5,-74.575
23:05:04.739,0013,6,786.125
23:05:04.739,0013,7,-226.575
23:05:04.739,0013,8,-136.325
23:05:04.739,0013,9,-765.7
23:05:04.739,0013,10,957.6
23:05:04.739,0013,11,-579.025
23:05:04.771,0013,0,-958.55
23:05:04.771,0013,1,36.575
23:05:04.771,0013,2,763.8
23:05:04.771,0013,3,-972.325
23:05:04.771,0013,4,-972.325
23:05:04.771,0013,5,-804.65
23:05:04.771,0013,6,778.525
23:05:04.771,0013,7,243.675
23:05:04.771,0013,8,876.375
23:05:04.771,0013,9,832.675
23:05:04.771,0013,10,788.975
23:05:04.771,0013,11,460.275
23:05:04.864,0013,0,-958.55
23:05:04.864,0013,1,36.575
23:05:04.864,0013,2,763.8
23:05:04.864,0013,3,-972.325
23:05:04.864,0013,4,-970.9
23:05:04.864,0013,5,-73.625
23:05:04.864,0013,6,-396.15
23:05:04.864,0013,7,5.7
23:05:04.864,0013,8,699.675
23:05:04.864,0013,9,-849.3
23:05:04.864,0013,10,970.9
23:05:04.864,0013,11,150.575
23:05:04.898,0013,0,-958.55
23:05:04.898,0013,1,36.575
23:05:04.898,0013,2,763.8
23:05:04.898,0013,3,-972.325
23:05:04.898,0013,4,-972.325
23:05:04.898,0013,5,-800.85
23:05:04.898,0013,6,-578.55
23:05:04.898,0013,7,130.625
23:05:04.898,0013,8,192.375
23:05:04.898,0013,9,876.85
23:05:04.898,0013,10,-668.325
23:05:04.898,0013,11,-559.55
23:05:04.987,0013,0,-958.55
23:05:04.987,0013,1,36.575
23:05:04.987,0013,2,763.8
23:05:04.987,0013,3,-972.325
23:05:04.987,0013,4,-970.9
23:05:04.987,0013,5,-72.675
23:05:04.987,0013,6,268.375
23:05:04.987,0013,7,-958.075
23:05:04.987,0013,8,-356.725
23:05:04.987,0013,9,-738.15
23:05:04.987,0013,10,960.925
23:05:04.987,0013,11,636.975
23:05:04.991,0013,0,-958.55
23:05:04.991,0013,1,36.575
23:05:04.991,0013,2,763.8
23:05:04.991,0013,3,-972.325
23:05:04.991,0013,4,-972.325
23:05:04.991,0013,5,-797.05
23:05:04.991,0013,6,-723.425
23:05:04.991,0013,7,504.925
23:05:04.991,0013,8,-475.95
23:05:04.991,0013,9,-828.4
23:05:04.991,0013,10,-304.0
23:05:04.991,0013,11,557.65
23:05:05.106,0013,0,-958.55
23:05:05.106,0013,1,158.175
23:05:05.106,0013,2,763.8
23:05:05.106,0013,3,-972.325
23:05:05.106,0013,4,-970.9
23:05:05.106,0013,5,-71.725
23:05:05.106,0013,6,-913.9
23:05:05.106,0013,7,-725.8
23:05:05.106,0013,8,327.275
23:05:05.106,0013,9,-804.175
23:05:05.106,0013,10,963.3
23:05:05.106,0013,11,880.175
23:05:05.139,0013,0,-958.55
23:05:05.139,0013,1,158.175
23:05:05.139,0013,2,763.8
23:05:05.139,0013,3,-972.325
23:05:05.139,0013,4,-972.325
23:05:05.139,0013,5,-793.25
23:05:05.139,0013,6,-43.225
23:05:05.139,0013,7,-599.925
23:05:05.139,0013,8,933.375
23:05:05.139,0013,9,807.975
23:05:05.139,0013,10,-670.225
23:05:05.139,0013,11,804.175
23:05:05.239,0013,0,-958.55
23:05:05.239,0013,1,158.175
23:05:05.239,0013,2,763.8
23:05:05.239,0013,3,-972.325
23:05:05.239,0013,4,-971.375
23:05:05.239,0013,5,-388.55
23:05:05.239,0013,6,-353.875
23:05:05.239,0013,7,496.85
23:05:05.239,0013,8,-691.6
23:05:05.239,0013,9,921.025
23:05:05.239,0013,10,251.75
23:05:05.239,0013,11,487.825
23:05:05.245,0013,0,-958.55
23:05:05.245,0013,1,279.775
23:05:05.245,0013,2,763.8
23:05:05.245,0013,3,-972.325
23:05:05.245,0013,4,-969.0
23:05:05.245,0013,5,9.5
23:05:05.245,0013,6,-906.775
23:05:05.245,0013,7,-847.4
23:05:05.245,0013,8,-615.6
23:05:05.245,0013,9,-605.625
23:05:05.245,0013,10,-967.575
23:05:05.245,0013,11,243.2
23:05:05.361,0013,0,-958.55
23:05:05.361,0013,1,279.775
23:05:05.361,0013,2,763.8
23:05:05.361,0013,3,-972.325
23:05:05.361,0013,4,-972.325
23:05:05.361,0013,5,-787.55
23:05:05.361,0013,6,-495.425
23:05:05.361,0013,7,367.175
23:05:05.361,0013,8,699.675
23:05:05.361,0013,9,864.975
23:05:05.361,0013,10,182.4
23:05:05.361,0013,11,-852.15
23:05:05.364,0013,0,-958.55
23:05:05.364,0013,1,279.775
23:05:05.364,0013,2,763.8
23:05:05.364,0013,3,-972.325
23:05:05.364,0013,4,-972.325
23:05:05.364,0013,5,-786.6
23:05:05.364,0013,6,-776.625
23:05:05.364,0013,7,-482.125
23:05:05.364,0013,8,38.95
23:05:05.364,0013,9,-867.35
23:05:05.364,0013,10,-182.875
23:05:05.364,0013,11,-936.225
23:05:05.476,0013,0,-958.55
23:05:05.476,0013,1,279.775
23:05:05.476,0013,2,763.8
23:05:05.476,0013,3,-972.325
23:05:05.476,0013,4,-972.325
23:05:05.476,0013,5,-783.75
23:05:05.476,0013,6,-569.05
23:05:05.476,0013,7,-718.2
23:05:05.476,0013,8,692.55
23:05:05.476,0013,9,-940.025
23:05:05.476,0013,10,790.875
23:05:05.476,0013,11,802.75
23:05:05.480,0013,0,-958.55
23:05:05.480,0013,1,279.775
23:05:05.480,0013,2,763.8
23:05:05.480,0013,3,-972.325
23:05:05.480,0013,4,-972.325
23:05:05.480,0013,5,-782.8
23:05:05.480,0013,6,-560.5
23:05:05.480,0013,7,-837.9
23:05:05.480,0013,8,44.65
23:05:05.480,0013,9,-875.9
23:05:05.480,0013,10,-669.75
23:05:05.480,0013,11,-558.125
23:05:05.614,0013,0,-958.55
23:05:05.614,0013,1,401.375
23:05:05.614,0013,2,763.8
23:05:05.614,0013,3,-972.325
23:05:05.614,0013,4,-972.325
23:05:05.614,0013,5,-779.95
23:05:05.614,0013,6,118.275
23:05:05.614,0013,7,122.075
23:05:05.614,0013,8,491.15
23:05:05.614,0013,9,-972.8
23:05:05.614,0013,10,304.0
23:05:05.614,0013,11,-648.85
23:05:05.618,0013,0,-958.55
23:05:05.618,0013,1,401.375
23:05:05.618,0013,2,763.8
23:05:05.618,0013,3,-972.325
23:05:05.618,0013,4,-972.325
23:05:05.618,0013,5,-779.0
23:05:05.618,0013,6,-241.775
23:05:05.618,0013,7,732.925
23:05:05.618,0013,8,-470.25
23:05:05.618,0013,9,-955.7
23:05:05.618,0013,10,-303.05
23:05:05.618,0013,11,-491.15
23:05:05.721,0013,0,-958.55
23:05:05.721,0013,1,401.375
23:05:05.721,0013,2,763.8
23:05:05.721,0013,3,-972.325
23:05:05.721,0013,4,-972.325
23:05:05.721,0013,5,-776.625
23:05:05.721,0013,6,-713.45
23:05:05.721,0013,7,252.225
23:05:05.721,0013,8,505.875
23:05:05.721,0013,9,856.9
23:05:05.721,0013,10,-790.4
23:05:05.721,0013,11,-130.15
23:05:05.755,0013,0,-958.55
23:05:05.755,0013,1,401.375
23:05:05.755,0013,2,763.8
23:05:05.755,0013,3,-972.325
23:05:05.755,0013,4,-971.375
23:05:05.755,0013,5,-382.375
23:05:05.755,0013,6,-484.025
23:05:05.755,0013,7,137.275
23:05:05.755,0013,8,-957.6
23:05:05.755,0013,9,814.625
23:05:05.755,0013,10,-37.05
23:05:05.755,0013,11,587.1
23:05:05.806,0013,0,-958.55
23:05:05.806,0013,1,401.375
23:05:05.806,0013,2,763.8
23:05:05.806,0013,3,-972.325
23:05:05.806,0013,4,-972.325
23:05:05.806,0013,5,-773.3
23:05:05.806,0013,6,769.025
23:05:05.806,0013,7,-469.775
23:05:05.806,0013,8,504.45
23:05:05.806,0013,9,-959.025
23:05:05.806,0013,10,-789.925
23:05:05.806,0013,11,-56.05
23:05:05.864,0013,0,-958.55
23:05:05.864,0013,1,522.975
23:05:05.864,0013,2,763.8
23:05:05.864,0013,3,-972.325
23:05:05.864,0013,4,-970.9
23:05:05.864,0013,5,-65.55
23:05:05.864,0013,6,-215.65
23:05:05.864,0013,7,-240.825
23:05:05.864,0013,8,-166.725
23:05:05.864,0013,9,-792.3
23:05:05.864,0013,10,963.3
23:05:05.864,0013,11,-214.225
23:05:05.924,0013,0,-958.55
23:05:05.924,0013,1,522.975
23:05:05.924,0013,2,763.8
23:05:05.924,0013,3,-972.325
23:05:05.924,0013,4,-972.325
23:05:05.924,0013,5,-769.975
23:05:05.924,0013,6,408.5
23:05:05.924,0013,7,856.425
23:05:05.924,0013,8,-202.825
23:05:05.924,0013,9,963.775
23:05:05.924,0013,10,-547.675
23:05:05.924,0013,11,-138.225
23:05:05.980,0013,0,-958.55
23:05:05.980,0013,1,522.975
23:05:05.980,0013,2,763.8
23:05:05.980,0013,3,-972.325
23:05:05.980,0013,4,-971.375
23:05:05.980,0013,5,-380.0
23:05:05.980,0013,6,-7.125
23:05:05.980,0013,7,-716.3
23:05:05.980,0013,8,874.0
23:05:05.980,0013,9,791.825
23:05:05.980,0013,10,92.15
23:05:05.980,0013,11,546.25
23:05:06.011,0013,0,-958.55
23:05:06.011,0013,1,522.975
23:05:06.011,0013,2,763.8
23:05:06.011,0013,3,-972.325
23:05:06.011,0013,4,-970.425
23:05:06.011,0013,5,-552.9
23:05:06.011,0013,6,-54.625
23:05:06.011,0013,7,256.025
23:05:06.011,0013,8,-455.05
23:05:06.011,0013,9,-936.225
23:05:06.011,0013,10,-727.7
23:05:06.011,0013,11,-592.8
23:05:06.124,0013,0,-958.55
23:05:06.124,0013,1,644.575
23:05:06.124,0013,2,763.8
23:05:06.124,0013,3,-972.325
23:05:06.124,0013,4,-971.375
23:05:06.124,0013,5,-379.05
23:05:06.124,0013,6,2.85
23:05:06.124,0013,7,-729.125
23:05:06.124,0013,8,752.4
23:05:06.124,0013,9,943.825
23:05:06.124,0013,10,145.35
23:05:06.124,0013,11,494.475
23:05:06.128,0013,0,-958.55
23:05:06.128,0013,1,644.575
23:05:06.128,0013,2,763.8
23:05:06.128,0013,3,-972.325
23:05:06.128,0013,4,-972.325
23:05:06.128,0013,5,-762.85
23:05:06.128,0013,6,253.175
23:05:06.128,0013,7,-970.425
23:05:06.128,0013,8,-620.35
23:05:06.128,0013,9,-741.0
23:05:06.128,0013,10,-304.475
23:05:06.128,0013,11,-292.125
23:05:06.230,0013,0,-958.55
23:05:06.230,0013,1,644.575
23:05:06.230,0013,2,763.8
23:05:06.230,0013,3,-972.325
23:05:06.230,0013,4,-971.375
23:05:06.230,0013,5,-378.1
23:05:06.230,0013,6,-124.45
23:05:06.230,0013,7,492.575
23:05:06.230,0013,8,706.8
23:05:06.230,0013,9,852.625
23:05:06.230,0013,10,107.35
23:05:06.230,0013,11,494.95
23:05:06.236,0013,0,-958.55
23:05:06.236,0013,1,644.575
23:05:06.236,0013,2,763.8
23:05:06.236,0013,3,-972.325
23:05:06.236,0013,4,-972.325
23:05:06.236,0013,5,-760.0
23:05:06.236,0013,6,-885.4
23:05:06.236,0013,7,-963.3
23:05:06.236,0013,8,769.975
23:05:06.236,0013,9,888.25
23:05:06.236,0013,10,-911.525
23:05:06.236,0013,11,299.25
23:05:06.352,0013,0,-958.55
23:05:06.352,0013,1,644.575
23:05:06.352,0013,2,763.8
23:05:06.352,0013,3,-972.325
23:05:06.352,0013,4,-972.325
23:05:06.352,0013,5,-756.675
23:05:06.352,0013,6,9.025
23:05:06.352,0013,7,-955.225
23:05:06.352,0013,8,853.575
23:05:06.352,0013,9,934.8
23:05:06.352,0013,10,-670.7
23:05:06.352,0013,11,382.375
23:05:06.355,0013,0,-958.55
23:05:06.355,0013,1,766.175
23:05:06.355,0013,2,763.8
23:05:06.355,0013,3,-972.325
23:05:06.355,0013,4,-972.325
23:05:06.355,0013,5,-755.725
23:05:06.355,0013,6,481.175
23:05:06.355,0013,7,121.6
23:05:06.355,0013,8,-641.25
23:05:06.355,0013,9,-936.7
23:05:06.355,0013,10,-60.325
23:05:06.355,0013,11,918.65
23:05:06.486,0013,0,-958.55
23:05:06.486,0013,1,766.175
23:05:06.486,0013,2,763.8
23:05:06.486,0013,3,-972.325
23:05:06.486,0013,4,-972.325
23:05:06.486,0013,5,-752.875
23:05:06.486,0013,6,696.35
23:05:06.486,0013,7,-114.95
23:05:06.486,0013,8,-134.425
23:05:06.486,0013,9,867.35
23:05:06.486,0013,10,-668.8
23:05:06.486,0013,11,-221.35
23:05:06.490,0013,0,-958.55
23:05:06.490,0013,1,766.175
23:05:06.490,0013,2,763.8
23:05:06.490,0013,3,-972.325
23:05:06.490,0013,4,-972.325
23:05:06.490,0013,5,-752.4
23:05:06.490,0013,6,29.45
23:05:06.490,0013,7,372.875
23:05:06.490,0013,8,186.675
23:05:06.490,0013,9,931.95
23:05:06.490,0013,10,545.775
23:05:06.490,0013,11,705.375
23:05:06.605,0013,0,-958.55
23:05:06.605,0013,1,766.175
23:05:06.605,0013,2,763.8
23:05:06.605,0013,3,-972.325
23:05:06.605,0013,4,-970.425
23:05:06.605,0013,5,-551.475
23:05:06.605,0013,6,923.875
23:05:06.605,0013,7,380.95
23:05:06.605,0013,8,-447.45
23:05:06.605,0013,9,-936.7
23:05:06.605,0013,10,-727.7
23:05:06.605,0013,11,-471.2
23:05:06.636,0013,0,-958.55
23:05:06.636,0013,1,766.175
23:05:06.636,0013,2,763.8
23:05:06.636,0013,3,-972.325
23:05:06.636,0013,4,-972.325
23:05:06.636,0013,5,-748.6
23:05:06.636,0013,6,245.575
23:05:06.636,0013,7,17.1
23:05:06.636,0013,8,809.875
23:05:06.636,0013,9,838.85
23:05:06.636,0013,10,53.2
23:05:06.636,0013,11,-610.85
23:05:06.721,0013,0,-958.55
23:05:06.721,0013,1,887.775
23:05:06.721,0013,2,763.8
23:05:06.721,0013,3,-972.325
23:05:06.721,0013,4,-972.325
23:05:06.721,0013,5,-745.275
23:05:06.721,0013,6,-341.525
23:05:06.721,0013,7,-602.3
23:05:06.721,0013,8,310.65
23:05:06.721,0013,9,-937.175
23:05:06.721,0013,10,-303.525
23:05:06.721,0013,11,-202.35
23:05:06.755,0013,0,-958.55
23:05:06.755,0013,1,887.775
23:05:06.755,0013,2,763.8
23:05:06.755,0013,3,-972.325
23:05:06.755,0013,4,-972.325
23:05:06.755,0013,5,-744.8
23:05:06.755,0013,6,-639.825
23:05:06.755,0013,7,-845.025
23:05:06.755,0013,8,-396.15
23:05:06.755,0013,9,-937.65
23:05:06.755,0013,10,183.35
23:05:06.755,0013,11,-648.85
23:05:06.826,0013,0,-958.55
23:05:06.826,0013,1,887.775
23:05:06.826,0013,2,763.8
23:05:06.826,0013,3,-972.325
23:05:06.826,0013,4,-972.325
23:05:06.826,0013,5,-742.425
23:05:06.826,0013,6,833.625
23:05:06.826,0013,7,498.275
23:05:06.826,0013,8,849.775
23:05:06.826,0013,9,894.425
23:05:06.826,0013,10,669.75
23:05:06.826,0013,11,-776.15
23:05:06.858,0013,0,-958.55
23:05:06.858,0013,1,887.775
23:05:06.858,0013,2,763.8
23:05:06.858,0013,3,-972.325
23:05:06.858,0013,4,-970.9
23:05:06.858,0013,5,-57.475
23:05:06.858,0013,6,304.475
23:05:06.858,0013,7,-224.675
23:05:06.858,0013,8,-303.525
23:05:06.858,0013,9,-800.375
23:05:06.858,0013,10,961.875
23:05:06.858,0013,11,-822.225
23:05:06.951,0013,0,-958.075
23:05:06.951,0013,1,-936.225
23:05:06.951,0013,2,763.8
23:05:06.951,0013,3,-972.325
23:05:06.951,0013,4,-972.325
23:05:06.951,0013,5,-738.625
23:05:06.951,0013,6,-792.775
23:05:06.951,0013,7,245.1
23:05:06.951,0013,8,-613.225
23:05:06.951,0013,9,875.9
23:05:06.951,0013,10,-425.125
23:05:06.951,0013,11,128.25
23:05:06.985,0013,0,-958.075
23:05:06.985,0013,1,-936.225
23:05:06.985,0013,2,763.8
23:05:06.985,0013,3,-972.325
23:05:06.985,0013,4,-970.9
23:05:06.985,0013,5,-56.525
23:05:06.985,0013,6,-505.4
23:05:06.985,0013,7,129.2
23:05:06.985,0013,8,-136.325
23:05:06.985,0013,9,-759.05
23:05:06.985,0013,10,958.075
23:05:06.985,0013,11,151.05
23:05:07.014,0013,0,-958.075
23:05:07.014,0013,1,-936.225
23:05:07.014,0013,2,763.8
23:05:07.014,0013,3,-972.325
23:05:07.014,0013,4,-972.325
23:05:07.014,0013,5,-735.775
23:05:07.014,0013,6,-287.375
23:05:07.014,0013,7,494.95
23:05:07.014,0013,8,125.875
23:05:07.014,0013,9,760.0
23:05:07.014,0013,10,790.875
23:05:07.014,0013,11,-194.75
23:05:07.118,0013,0,-958.075
23:05:07.118,0013,1,-936.225
23:05:07.118,0013,2,763.8
23:05:07.118,0013,3,-972.325
23:05:07.118,0013,4,-970.9
23:05:07.118,0013,5,-56.05
23:05:07.118,0013,6,-571.425
23:05:07.118,0013,7,863.075
23:05:07.118,0013,8,-660.725
23:05:07.118,0013,9,-769.975
23:05:07.118,0013,10,959.025
23:05:07.118,0013,11,636.975
23:05:07.122,0013,0,-958.075
23:05:07.122,0013,1,-936.225
23:05:07.122,0013,2,763.8
23:05:07.122,0013,3,-972.325
23:05:07.122,0013,4,-972.325
23:05:07.122,0013,5,-731.975
23:05:07.122,0013,6,-714.4
23:05:07.122,0013,7,139.65
23:05:07.122,0013,8,521.55
23:05:07.122,0013,9,-804.175
23:05:07.122,0013,10,61.75
23:05:07.122,0013,11,361.95
23:05:07.235,0013,0,-958.075
23:05:07.235,0013,1,-814.625
23:05:07.235,0013,2,763.8
23:05:07.235,0013,3,-972.325
23:05:07.235,0013,4,-970.9
23:05:07.235,0013,5,-55.1
23:05:07.235,0013,6,184.775
23:05:07.235,0013,7,-971.375
23:05:07.235,0013,8,-52.725
23:05:07.235,0013,9,-752.875
23:05:07.235,0013,10,963.3
23:05:07.235,0013,11,880.175
23:05:07.239,0013,0,-958.075
23:05:07.239,0013,1,-814.625
23:05:07.239,0013,2,763.8
23:05:07.239,0013,3,-972.325
23:05:07.239,0013,4,-972.325
23:05:07.239,0013,5,-850.725
23:05:07.239,0013,6,-109.725
23:05:07.239,0013,7,-481.65
23:05:07.239,0013,8,-79.325
23:05:07.239,0013,9,863.075
23:05:07.239,0013,10,-912.0
23:05:07.239,0013,11,863.55
23:05:07.374,0013,0,-958.075
23:05:07.374,0013,1,-814.625
23:05:07.374,0013,2,763.8
23:05:07.374,0013,3,-972.325
23:05:07.374,0013,4,-970.9
23:05:07.374,0013,5,-54.15
23:05:07.374,0013,6,856.425
23:05:07.374,0013,7,9.975
23:05:07.374,0013,8,-683.525
23:05:07.374,0013,9,-765.225
23:05:07.374,0013,10,964.25
23:05:07.374,0013,11,-92.625
23:05:07.379,0013,0,-958.075
23:05:07.379,0013,1,-814.625
23:05:07.379,0013,2,763.8
23:05:07.379,0013,3,-972.325
23:05:07.379,0013,4,-972.325
23:05:07.379,0013,5,-846.925
23:05:07.379,0013,6,-544.35
23:05:07.379,0013,7,-836.95
23:05:07.379,0013,8,291.65
23:05:07.379,0013,9,-927.2
23:05:07.379,0013,10,-303.05
23:05:07.379,0013,11,474.05
23:05:07.477,0013,0,-958.075
23:05:07.477,0013,1,-814.625
23:05:07.477,0013,2,763.8
23:05:07.477,0013,3,-972.325
23:05:07.477,0013,4,-971.375
23:05:07.477,0013,5,-365.75
23:05:07.477,0013,6,25.65
23:05:07.477,0013,7,-468.825
23:05:07.477,0013,8,228.0
23:05:07.477,0013,9,670.225
23:05:07.477,0013,10,-325.85
23:05:07.477,0013,11,584.725
23:05:07.480,0013,0,-958.075
23:05:07.480,0013,1,-693.025
23:05:07.480,0013,2,763.8
23:05:07.480,0013,3,-972.325
23:05:07.480,0013,4,-971.375
23:05:07.480,0013,5,-485.925
23:05:07.480,0013,6,591.375
23:05:07.480,0013,7,-235.125
23:05:07.480,0013,8,205.2
23:05:07.480,0013,9,685.425
23:05:07.480,0013,10,-272.65
23:05:07.480,0013,11,587.1
23:05:07.609,0013,0,-958.075
23:05:07.609,0013,1,-693.025
23:05:07.609,0013,2,763.8
23:05:07.609,0013,3,-972.325
23:05:07.609,0013,4,-972.325
23:05:07.609,0013,5,-840.75
23:05:07.609,0013,6,-611.325
23:05:07.609,0013,7,738.625
23:05:07.609,0013,8,586.15
23:05:07.609,0013,9,-821.75
23:05:07.609,0013,10,304.95
23:05:07.609,0013,11,-86.45
23:05:07.613,0013,0,-958.075
23:05:07.613,0013,1,-693.025
23:05:07.613,0013,2,763.8
23:05:07.613,0013,3,-972.325
23:05:07.613,0013,4,-972.325
23:05:07.613,0013,5,-839.8
23:05:07.613,0013,6,-598.5
23:05:07.613,0013,7,-474.525
23:05:07.613,0013,8,-722.95
23:05:07.613,0013,9,-855.95
23:05:07.613,0013,10,904.4
23:05:07.613,0013,11,-388.55
23:05:07.732,0013,0,-958.075
23:05:07.732,0013,1,-571.425
23:05:07.732,0013,2,763.8
23:05:07.732,0013,3,-972.325
23:05:07.732,0013,4,-972.325
23:05:07.732,0013,5,-836.475
23:05:07.732,0013,6,767.125
23:05:07.732,0013,7,729.6
23:05:07.732,0013,8,-308.75
23:05:07.732,0013,9,-826.025
23:05:07.732,0013,10,-911.525
23:05:07.732,0013,11,629.85
23:05:07.735,0013,0,-958.075
23:05:07.735,0013,1,-571.425
23:05:07.735,0013,2,763.8
23:05:07.735,0013,3,-972.325
23:05:07.735,0013,4,-972.325
23:05:07.735,0013,5,-836.0
23:05:07.735,0013,6,-573.325
23:05:07.735,0013,7,-485.45
23:05:07.735,0013,8,-293.55
23:05:07.735,0013,9,-936.225
23:05:07.735,0013,10,61.75
23:05:07.735,0013,11,-770.45
23:05:07.867,0013,0,-958.075
23:05:07.867,0013,1,-571.425
23:05:07.867,0013,2,763.8
23:05:07.867,0013,3,-972.325
23:05:07.867,0013,4,-972.325
23:05:07.867,0013,5,-833.15
23:05:07.867,0013,6,-358.15
23:05:07.867,0013,7,-722.0
23:05:07.867,0013,8,509.675
23:05:07.867,0013,9,946.2
23:05:07.867,0013,10,-548.15
23:05:07.867,0013,11,-362.425
23:05:07.871,0013,0,-958.075
23:05:07.871,0013,1,-571.425
23:05:07.871,0013,2,763.8
23:05:07.871,0013,3,-972.325
23:05:07.871,0013,4,-972.325
23:05:07.871,0013,5,-832.2
23:05:07.871,0013,6,564.775
23:05:07.871,0013,7,861.65
23:05:07.871,0013,8,713.45
23:05:07.871,0013,9,-954.275
23:05:07.871,0013,10,304.475
23:05:07.871,0013,11,-198.55
23:05:07.968,0013,0,-958.075
23:05:07.968,0013,1,-571.425
23:05:07.968,0013,2,763.8
23:05:07.968,0013,3,-972.325
23:05:07.968,0013,4,-970.425
23:05:07.968,0013,5,-548.15
23:05:07.968,0013,6,-485.925
23:05:07.968,0013,7,-954.275
23:05:07.968,0013,8,-462.65
23:05:07.968,0013,9,-937.175
23:05:07.968,0013,10,-727.7
23:05:07.968,0013,11,-592.8
23:05:08.002,0013,0,-958.075
23:05:08.002,0013,1,-449.825
23:05:08.002,0013,2,763.8
23:05:08.002,0013,3,-972.325
23:05:08.002,0013,4,-971.375
23:05:08.002,0013,5,-481.175
23:05:08.002,0013,6,359.1
23:05:08.002,0013,7,368.125
23:05:08.002,0013,8,486.875
23:05:08.002,0013,9,-918.175
23:05:08.002,0013,10,92.15
23:05:08.002,0013,11,584.25
23:05:08.099,0013,0,-958.075
23:05:08.099,0013,1,-449.825
23:05:08.099,0013,2,763.8
23:05:08.099,0013,3,-972.325
23:05:08.099,0013,4,-972.325
23:05:08.099,0013,5,-825.55
23:05:08.099,0013,6,-760.475
23:05:08.099,0013,7,857.375
23:05:08.099,0013,8,-346.75
23:05:08.099,0013,9,-968.525
23:05:08.099,0013,10,-303.525
23:05:08.099,0013,11,-633.65
23:05:08.103,0013,0,-958.075
23:05:08.103,0013,1,-449.825
23:05:08.103,0013,2,763.8
23:05:08.103,0013,3,-972.325
23:05:08.103,0013,4,-970.9
23:05:08.103,0013,5,-47.5
23:05:08.103,0013,6,-33.25
23:05:08.103,0013,7,742.425
23:05:08.103,0013,8,707.275
23:05:08.103,0013,9,-839.8
23:05:08.103,0013,10,966.15
23:05:08.103,0013,11,29.45
23:05:08.159,0013,0,-958.075
23:05:08.159,0013,1,-449.825
23:05:08.159,0013,2,763.8
23:05:08.159,0013,3,-972.325
23:05:08.159,0013,4,-972.325
23:05:08.159,0013,5,-822.225
23:05:08.159,0013,6,-102.125
23:05:08.159,0013,7,-471.675
23:05:08.159,0013,8,135.375
23:05:08.159,0013,9,936.225
23:05:08.159,0013,10,-912.95
23:05:08.159,0013,11,-10.925
23:05:08.233,0013,0,-958.075
23:05:08.233,0013,1,-328.225
23:05:08.233,0013,2,763.8
23:05:08.233,0013,3,-972.325
23:05:08.233,0013,4,-971.375
23:05:08.233,0013,5,-478.8
23:05:08.233,0013,6,463.6
23:05:08.233,0013,7,-607.05
23:05:08.233,0013,8,820.8
23:05:08.233,0013,9,852.625
23:05:08.233,0013,10,-90.25
23:05:08.233,0013,11,498.75
23:05:08.265,0013,0,-958.075
23:05:08.265,0013,1,-328.225
23:05:08.265,0013,2,763.8
23:05:08.265,0013,3,-972.325
23:05:08.265,0013,4,-972.325
23:05:08.265,0013,5,-819.375
23:05:08.265,0013,6,-332.5
23:05:08.265,0013,7,-727.7
23:05:08.265,0013,8,-114.95
23:05:08.265,0013,9,-957.125
23:05:08.265,0013,10,304.0
23:05:08.265,0013,11,323.95
23:05:08.341,0013,0,-958.075
23:05:08.341,0013,1,-328.225
23:05:08.341,0013,2,763.8
23:05:08.341,0013,3,-972.325
23:05:08.341,0013,4,-970.9
23:05:08.341,0013,5,-46.075
23:05:08.341,0013,6,-104.975
23:05:08.341,0013,7,-601.35
23:05:08.341,0013,8,517.275
23:05:08.341,0013,9,-801.325
23:05:08.341,0013,10,958.075
23:05:08.341,0013,11,-700.15
23:05:08.372,0013,0,-958.075
23:05:08.372,0013,1,-328.225
23:05:08.372,0013,2,763.8
23:05:08.372,0013,3,-972.325
23:05:08.372,0013,4,-972.325
23:05:08.372,0013,5,-816.05
23:05:08.372,0013,6,-803.7
23:05:08.372,0013,7,617.5
23:05:08.372,0013,8,-516.325
23:05:08.372,0013,9,858.8
23:05:08.372,0013,10,797.525
23:05:08.372,0013,11,488.775
23:05:08.482,0013,0,-958.075
23:05:08.482,0013,1,-328.225
23:05:08.482,0013,2,763.8
23:05:08.482,0013,3,-972.325
23:05:08.482,0013,4,-970.9
23:05:08.482,0013,5,-45.125
23:05:08.482,0013,6,194.275
23:05:08.482,0013,7,258.4
23:05:08.482,0013,8,167.675
23:05:08.482,0013,9,-753.35
23:05:08.482,0013,10,963.3
23:05:08.482,0013,11,28.975
23:05:08.485,0013,0,-958.075
23:05:08.485,0013,1,-328.225
23:05:08.485,0013,2,763.8
23:05:08.485,0013,3,-972.325
23:05:08.485,0013,4,-972.325
23:05:08.485,0013,5,-812.25
23:05:08.485,0013,6,-568.1
23:05:08.485,0013,7,-832.2
23:05:08.485,0013,8,-456.95
23:05:08.485,0013,9,-923.875
23:05:08.485,0013,10,-667.85
23:05:08.485,0013,11,411.35
23:05:08.602,0013,0,-958.075
23:05:08.602,0013,1,-206.625
23:05:08.602,0013,2,763.8
23:05:08.602,0013,3,-972.325
23:05:08.602,0013,4,-970.9
23:05:08.602,0013,5,-44.175
23:05:08.602,0013,6,-623.2
23:05:08.602,0013,7,612.75
23:05:08.602,0013,8,-197.125
23:05:08.602,0013,9,-734.35
23:05:08.602,0013,10,964.725
23:05:08.602,0013,11,880.175
23:05:08.610,0013,0,-958.075
23:05:08.610,0013,1,-206.625
23:05:08.610,0013,2,763.8
23:05:08.610,0013,3,-972.325
23:05:08.610,0013,4,-972.325
23:05:08.610,0013,5,-808.45
23:05:08.610,0013,6,119.225
23:05:08.610,0013,7,8.075
23:05:08.610,0013,8,766.175
23:05:08.610,0013,9,734.35
23:05:08.610,0013,10,-667.85
23:05:08.610,0013,11,-911.05
23:05:08.733,0013,0,-958.075
23:05:08.733,0013,1,-206.625
23:05:08.733,0013,2,763.8
23:05:08.733,0013,3,-972.325
23:05:08.733,0013,4,-970.9
23:05:08.733,0013,5,-43.225
23:05:08.733,0013,6,-323.475
23:05:08.733,0013,7,-473.1
23:05:08.733,0013,8,-394.725
23:05:08.733,0013,9,-788.975
23:05:08.733,0013,10,963.3
23:05:08.733,0013,11,150.575
23:05:08.737,0013,0,-958.075
23:05:08.737,0013,1,-206.625
23:05:08.737,0013,2,763.8
23:05:08.737,0013,3,-972.325
23:05:08.737,0013,4,-972.325
23:05:08.737,0013,5,-805.125
23:05:08.737,0013,6,-712.5
23:05:08.737,0013,7,138.225
23:05:08.737,0013,8,686.85
23:05:08.737,0013,9,-856.425
23:05:08.737,0013,10,911.05
23:05:08.737,0013,11,114.475
23:05:08.856,0013,0,-958.075
23:05:08.856,0013,1,-85.025
23:05:08.856,0013,2,763.8
23:05:08.856,0013,3,-972.325
23:05:08.856,0013,4,-970.9
23:05:08.856,0013,5,-42.275
23:05:08.856,0013,6,812.25
23:05:08.856,0013,7,-240.825
23:05:08.856,0013,8,661.675
23:05:08.856,0013,9,-890.625
23:05:08.856,0013,10,960.925
23:05:08.856,0013,11,-579.025
23:05:08.890,0013,0,-958.075
23:05:08.890,0013,1,-85.025
23:05:08.890,0013,2,763.8
23:05:08.890,0013,3,-972.325
23:05:08.890,0013,4,-972.325
23:05:08.890,0013,5,-800.85
23:05:08.890,0013,6,654.55
23:05:08.890,0013,7,-722.475
23:05:08.890,0013,8,644.575
23:05:08.890,0013,9,958.075
23:05:08.890,0013,10,60.325
23:05:08.890,0013,11,-136.325
23:05:08.978,0013,0,-958.075
23:05:08.978,0013,1,-85.025
23:05:08.978,0013,2,763.8
23:05:08.978,0013,3,-972.325
23:05:08.978,0013,4,-971.375
23:05:08.978,0013,5,-472.15
23:05:08.978,0013,6,-311.6
23:05:08.978,0013,7,-355.3
23:05:08.978,0013,8,441.275
23:05:08.978,0013,9,-804.175
23:05:08.978,0013,10,168.15
23:05:08.978,0013,11,585.675
23:05:08.981,0013,0,-958.075
23:05:08.981,0013,1,-85.025
23:05:08.981,0013,2,763.8
23:05:08.981,0013,3,-972.325
23:05:08.981,0013,4,-972.325
23:05:08.981,0013,5,-798.0
23:05:08.981,0013,6,798.95
23:05:08.981,0013,7,257.45
23:05:08.981,0013,8,-445.55
23:05:08.981,0013,9,-761.9
23:05:08.981,0013,10,911.525
23:05:08.981,0013,11,-934.325
23:05:09.095,0013,0,-958.075
23:05:09.095,0013,1,36.575
23:05:09.095,0013,2,763.8
23:05:09.095,0013,3,-972.325
23:05:09.095,0013,4,-972.325
23:05:09.095,0013,5,-794.675
23:05:09.095,0013,6,219.45
23:05:09.095,0013,7,-362.425
23:05:09.095,0013,8,733.875
23:05:09.095,0013,9,881.125
23:05:09.095,0013,10,-60.325
23:05:09.095,0013,11,253.65
23:05:09.129,0013,0,-958.075
23:05:09.129,0013,1,36.575
23:05:09.129,0013,2,763.8
23:05:09.129,0013,3,-972.325
23:05:09.129,0013,4,-972.325
23:05:09.129,0013,5,-793.725
23:05:09.129,0013,6,220.4
23:05:09.129,0013,7,-481.65
23:05:09.129,0013,8,563.35
23:05:09.129,0013,9,-854.05
23:05:09.129,0013,10,-182.875
23:05:09.129,0013,11,-569.525
23:05:09.230,0013,0,-958.075
23:05:09.230,0013,1,36.575
23:05:09.230,0013,2,763.8
23:05:09.230,0013,3,-972.325
23:05:09.230,0013,4,-972.325
23:05:09.230,0013,5,-790.875
23:05:09.230,0013,6,435.575
23:05:09.230,0013,7,-718.2
23:05:09.230,0013,8,-555.75
23:05:09.230,0013,9,-945.725
23:05:09.230,0013,10,-911.525
23:05:09.230,0013,11,268.85
23:05:09.233,0013,0,-958.075
23:05:09.233,0013,1,36.575
23:05:09.233,0013,2,763.8
23:05:09.233,0013,3,-972.325
23:05:09.233,0013,4,-971.375
23:05:09.233,0013,5,-468.35
23:05:09.233,0013,6,-926.25
23:05:09.233,0013,7,138.7
23:05:09.233,0013,8,410.875
23:05:09.233,0013,9,-781.375
23:05:09.233,0013,10,190.95
23:05:09.233,0013,11,564.3
23:05:09.307,0013,0,-958.075
23:05:09.307,0013,1,36.575
23:05:09.307,0013,2,763.8
23:05:09.307,0013,3,-972.325
23:05:09.307,0013,4,-970.425
23:05:09.307,0013,5,-544.825
23:05:09.307,0013,6,344.375
23:05:09.307,0013,7,748.6
23:05:09.307,0013,8,-462.65
23:05:09.307,0013,9,-936.7
23:05:09.307,0013,10,-727.7
23:05:09.307,0013,11,-592.8
23:05:09.364,0013,0,-958.075
23:05:09.364,0013,1,158.175
23:05:09.364,0013,2,763.8
23:05:09.364,0013,3,-972.325
23:05:09.364,0013,4,-970.9
23:05:09.364,0013,5,-38.0
23:05:09.364,0013,6,83.125
23:05:09.364,0013,7,-848.35
23:05:09.364,0013,8,-273.125
23:05:09.364,0013,9,-789.925
23:05:09.364,0013,10,960.925
23:05:09.364,0013,11,-579.025
23:05:09.419,0013,0,-958.075
23:05:09.419,0013,1,158.175
23:05:09.419,0013,2,763.8
23:05:09.419,0013,3,-972.325
23:05:09.419,0013,4,-972.325
23:05:09.419,0013,5,-784.7
23:05:09.419,0013,6,-330.125
23:05:09.419,0013,7,6.65
23:05:09.419,0013,8,-329.65
23:05:09.419,0013,9,-954.275
23:05:09.419,0013,10,61.275
23:05:09.419,0013,11,-791.35
23:05:09.479,0013,0,-958.075
23:05:09.479,0013,1,158.175
23:05:09.479,0013,2,763.8
23:05:09.479,0013,3,-972.325
23:05:09.479,0013,4,-970.9
23:05:09.479,0013,5,-37.05
23:05:09.479,0013,6,747.175
23:05:09.479,0013,7,133.475
23:05:09.479,0013,8,365.275
23:05:09.479,0013,9,-792.775
23:05:09.479,0013,10,964.725
23:05:09.479,0013,11,515.375
23:05:09.536,0013,0,-958.075
23:05:09.536,0013,1,158.175
23:05:09.536,0013,2,763.8
23:05:09.536,0013,3,-972.325
23:05:09.536,0013,4,-972.325
23:05:09.536,0013,5,-781.85
23:05:09.536,0013,6,-197.125
23:05:09.536,0013,7,134.9
23:05:09.536,0013,8,175.275
23:05:09.536,0013,9,883.975
23:05:09.536,0013,10,426.075
23:05:09.536,0013,11,139.65
23:05:09.604,0013,0,-958.075
23:05:09.604,0013,1,279.775
23:05:09.604,0013,2,763.8
23:05:09.604,0013,3,-972.325
23:05:09.604,0013,4,-970.9
23:05:09.604,0013,5,-36.1
23:05:09.604,0013,6,-435.1
23:05:09.604,0013,7,365.75
23:05:09.604,0013,8,-121.125
23:05:09.604,0013,9,-767.6
23:05:09.604,0013,10,960.45
23:05:09.604,0013,11,393.775
23:05:09.607,0013,0,-958.075
23:05:09.607,0013,1,279.775
23:05:09.607,0013,2,763.8
23:05:09.607,0013,3,-972.325
23:05:09.607,0013,4,-972.325
23:05:09.607,0013,5,-777.575
23:05:09.607,0013,6,154.375
23:05:09.607,0013,7,-846.925
23:05:09.607,0013,8,90.25
23:05:09.607,0013,9,-929.1
23:05:09.607,0013,10,183.35
23:05:09.607,0013,11,160.55
23:05:09.728,0013,0,-958.075
23:05:09.728,0013,1,279.775
23:05:09.728,0013,2,763.8
23:05:09.728,0013,3,-972.325
23:05:09.728,0013,4,-971.375
23:05:09.728,0013,5,-464.075
23:05:09.728,0013,6,308.75
23:05:09.728,0013,7,-721.525
23:05:09.728,0013,8,866.875
23:05:09.728,0013,9,-773.775
23:05:09.728,0013,10,335.35
23:05:09.728,0013,11,506.825
23:05:09.761,0013,0,-958.075
23:05:09.761,0013,1,279.775
23:05:09.761,0013,2,763.8
23:05:09.761,0013,3,-972.325
23:05:09.761,0013,4,-972.325
23:05:09.761,0013,5,-774.725
23:05:09.761,0013,6,-905.825
23:05:09.761,0013,7,-354.35
23:05:09.761,0013,8,-534.85
23:05:09.761,0013,9,-880.175
23:05:09.761,0013,10,181.45
23:05:09.761,0013,11,-732.925
23:05:09.861,0013,0,-958.075
23:05:09.861,0013,1,279.775
23:05:09.861,0013,2,763.8
23:05:09.861,0013,3,-972.325
23:05:09.861,0013,4,-971.375
23:05:09.861,0013,5,-462.65
23:05:09.861,0013,6,-411.35
23:05:09.861,0013,7,-832.675
23:05:09.861,0013,8,30.875
23:05:09.861,0013,9,-629.375
23:05:09.861,0013,10,472.15
23:05:09.861,0013,11,603.25
23:05:09.866,0013,0,-958.075
23:05:09.866,0013,1,401.375
23:05:09.866,0013,2,763.8
23:05:09.866,0013,3,-972.325
23:05:09.866,0013,4,-972.325
23:05:09.866,0013,5,-770.45
23:05:09.866,0013,6,-562.4
23:05:09.866,0013,7,609.9
23:05:09.866,0013,8,199.975
23:05:09.866,0013,9,943.35
23:05:09.866,0013,10,-183.825
23:05:09.866,0013,11,925.775
23:05:09.983,0013,0,-958.075
23:05:09.983,0013,1,401.375
23:05:09.983,0013,2,763.8
23:05:09.983,0013,3,-972.325
23:05:09.983,0013,4,-971.375
23:05:09.983,0013,5,-461.7
23:05:09.983,0013,6,-408.025
23:05:09.983,0013,7,735.3
23:05:09.983,0013,8,-493.525
23:05:09.983,0013,9,-522.975
23:05:09.983,0013,10,593.75
23:05:09.983,0013,11,488.3
23:05:09.987,0013,0,-958.075
23:05:09.987,0013,1,401.375
23:05:09.987,0013,2,763.8
23:05:09.987,0013,3,-972.325
23:05:09.987,0013,4,-972.325
23:05:09.987,0013,5,-767.125
23:05:09.987,0013,6,637.925
23:05:09.987,0013,7,-842.175
23:05:09.987,0013,8,189.05
23:05:09.987,0013,9,-927.2
23:05:09.987,0013,10,183.35
23:05:09.987,0013,11,-616.55
23:05:10.118,0013,0,-958.075
23:05:10.118,0013,1,401.375
23:05:10.118,0013,2,763.8
23:05:10.118,0013,3,-972.325
23:05:10.118,0013,4,-970.425
23:05:10.118,0013,5,-542.925
23:05:10.118,0013,6,845.025
23:05:10.118,0013,7,867.35
23:05:10.118,0013,8,-455.05
23:05:10.118,0013,9,-936.7
23:05:10.118,0013,10,-727.7
23:05:10.118,0013,11,-471.2
23:05:10.122,0013,0,-958.075
23:05:10.122,0013,1,401.375
23:05:10.122,0013,2,763.8
23:05:10.122,0013,3,-972.325
23:05:10.122,0013,4,-972.325
23:05:10.122,0013,5,-763.325
23:05:10.122,0013,6,-169.575
23:05:10.122,0013,7,626.525
23:05:10.122,0013,8,251.75
23:05:10.122,0013,9,-965.675
23:05:10.122,0013,10,67.925
23:05:10.122,0013,11,-238.925
23:05:10.218,0013,0,-958.075
23:05:10.218,0013,1,522.975
23:05:10.218,0013,2,763.8
23:05:10.218,0013,3,-972.325
23:05:10.218,0013,4,-971.375
23:05:10.218,0013,5,-459.325
23:05:10.218,0013,6,-745.75
23:05:10.218,0013,7,732.925
23:05:10.218,0013,8,-584.725
23:05:10.218,0013,9,-576.175
23:05:10.218,0013,10,677.35
23:05:10.218,0013,11,604.2
23:05:10.224,0013,0,-958.075
23:05:10.224,0013,1,522.975
23:05:10.224,0013,2,763.8
23:05:10.224,0013,3,-972.325
23:05:10.224,0013,4,-972.325
23:05:10.224,0013,5,-760.0
23:05:10.224,0013,6,-458.85
23:05:10.224,0013,7,493.05
23:05:10.224,0013,8,-64.125
23:05:10.224,0013,9,857.375
23:05:10.224,0013,10,304.0
23:05:10.224,0013,11,251.75
23:05:10.357,0013,0,-958.075
23:05:10.357,0013,1,522.975
23:05:10.357,0013,2,763.8
23:05:10.357,0013,3,-972.325
23:05:10.357,0013,4,-972.325
23:05:10.357,0013,5,-757.15
23:05:10.357,0013,6,-243.675
23:05:10.357,0013,7,256.5
23:05:10.357,0013,8,-867.35
23:05:10.357,0013,9,-860.7
23:05:10.357,0013,10,911.05
23:05:10.357,0013,11,-172.425
23:05:10.361,0013,0,-958.075
23:05:10.361,0013,1,522.975
23:05:10.361,0013,2,763.8
23:05:10.361,0013,3,-972.325
23:05:10.361,0013,4,-972.325
23:05:10.361,0013,5,-756.2
23:05:10.361,0013,6,679.725
23:05:10.361,0013,7,-105.45
23:05:10.361,0013,8,715.35
23:05:10.361,0013,9,-931.0
23:05:10.361,0013,10,-303.05
23:05:10.361,0013,11,192.85
23:05:10.462,0013,0,-958.075
23:05:10.462,0013,1,644.575
23:05:10.462,0013,2,763.8
23:05:10.462,0013,3,-972.325
23:05:10.462,0013,4,-972.325
23:05:10.462,0013,5,-752.875
23:05:10.462,0013,6,100.225
23:05:10.462,0013,7,-724.85
23:05:10.462,0013,8,-97.85
23:05:10.462,0013,9,-876.375
23:05:10.462,0013,10,-183.825
23:05:10.462,0013,11,302.575
23:05:10.467,0013,0,-958.075
23:05:10.467,0013,1,644.575
23:05:10.467,0013,2,763.8
23:05:10.467,0013,3,-972.325
23:05:10.467,0013,4,-971.375
23:05:10.467,0013,5,-455.525
23:05:10.467,0013,6,-547.2
23:05:10.467,0013,7,741.0
23:05:10.467,0013,8,152.475
23:05:10.467,0013,9,-773.775
23:05:10.467,0013,10,601.35
23:05:10.467,0013,11,545.3
23:05:10.560,0013,0,-958.075
23:05:10.560,0013,1,644.575
23:05:10.560,0013,2,763.8
23:05:10.560,0013,3,-972.325
23:05:10.560,0013,4,-972.325
23:05:10.560,0013,5,-750.025
23:05:10.560,0013,6,240.825
23:05:10.560,0013,7,-597.075
23:05:10.560,0013,8,751.45
23:05:10.560,0013,9,-936.225
23:05:10.560,0013,10,426.075
23:05:10.560,0013,11,-105.45
23:05:10.607,0013,0,-958.075
23:05:10.607,0013,1,644.575
23:05:10.607,0013,2,763.8
23:05:10.607,0013,3,-972.325
23:05:10.607,0013,4,-971.375
23:05:10.607,0013,5,-454.575
23:05:10.607,0013,6,-628.425
23:05:10.607,0013,7,-346.75
23:05:10.607,0013,8,745.275
23:05:10.607,0013,9,-735.775
23:05:10.607,0013,10,669.75
23:05:10.607,0013,11,499.225
23:05:10.663,0013,0,-958.075
23:05:10.663,0013,1,766.175
23:05:10.663,0013,2,763.8
23:05:10.663,0013,3,-972.325
23:05:10.663,0013,4,-972.325
23:05:10.663,0013,5,-746.225
23:05:10.663,0013,6,-669.75
23:05:10.663,0013,7,-606.575
23:05:10.663,0013,8,832.675
23:05:10.663,0013,9,959.025
23:05:10.663,0013,10,425.125
23:05:10.663,0013,11,-107.825
23:05:10.727,0013,0,-958.075
23:05:10.727,0013,1,766.175
23:05:10.727,0013,2,763.8
23:05:10.727,0013,3,-972.325
23:05:10.727,0013,4,-970.9
23:05:10.727,0013,5,-27.075
23:05:10.727,0013,6,848.35
23:05:10.727,0013,7,492.575
23:05:10.727,0013,8,-485.925
23:05:10.727,0013,9,-640.775
23:05:10.727,0013,10,962.825
23:05:10.727,0013,11,-822.225
23:05:10.782,0013,0,-958.075
23:05:10.782,0013,1,766.175
23:05:10.782,0013,2,763.8
23:05:10.782,0013,3,-972.325
23:05:10.782,0013,4,-972.325
23:05:10.782,0013,5,-742.9
23:05:10.782,0013,6,96.425
23:05:10.782,0013,7,373.35
23:05:10.782,0013,8,-445.55
23:05:10.782,0013,9,-951.425
23:05:10.782,0013,10,-789.45
23:05:10.782,0013,11,-405.65
23:05:10.843,0013,0,-958.075
23:05:10.843,0013,1,766.175
23:05:10.843,0013,2,763.8
23:05:10.843,0013,3,-972.325
23:05:10.843,0013,4,-971.375
23:05:10.843,0013,5,-452.2
23:05:10.843,0013,6,-152.0
23:05:10.843,0013,7,745.275
23:05:10.843,0013,8,-744.325
23:05:10.843,0013,9,-515.375
23:05:10.843,0013,10,874.95
23:05:10.843,0013,11,559.55
23:05:10.876,0013,0,-958.075
23:05:10.876,0013,1,766.175
23:05:10.876,0013,2,763.8
23:05:10.876,0013,3,-972.325
23:05:10.876,0013,4,-972.325
23:05:10.876,0013,5,-740.05
23:05:10.876,0013,6,-688.75
23:05:10.876,0013,7,-349.6
23:05:10.876,0013,8,302.575
23:05:10.876,0013,9,937.175
23:05:10.876,0013,10,302.575
23:05:10.876,0013,11,188.575
23:05:10.972,0013,0,-958.075
23:05:10.972,0013,1,887.775
23:05:10.972,0013,2,763.8
23:05:10.972,0013,3,-972.325
23:05:10.972,0013,4,-970.9
23:05:10.972,0013,5,-25.65
23:05:10.972,0013,6,-34.675
23:05:10.972,0013,7,-364.8
23:05:10.972,0013,8,-311.125
23:05:10.972,0013,9,-655.975
23:05:10.972,0013,10,962.825
23:05:10.972,0013,11,28.975
23:05:10.975,0013,0,-958.075
23:05:10.975,0013,1,887.775
23:05:10.975,0013,2,763.8
23:05:10.975,0013,3,-972.325
23:05:10.975,0013,4,-972.325
23:05:10.975,0013,5,-736.25
23:05:10.975,0013,6,-361.95
23:05:10.975,0013,7,-724.375
23:05:10.975,0013,8,621.775
23:05:10.975,0013,9,860.225
23:05:10.975,0013,10,669.275
23:05:10.975,0013,11,-386.65
23:05:11.091,0013,0,-958.075
23:05:11.091,0013,1,887.775
23:05:11.091,0013,2,763.8
23:05:11.091,0013,3,-972.325
23:05:11.091,0013,4,-971.375
23:05:11.091,0013,5,-450.3
23:05:11.091,0013,6,164.825
23:05:11.091,0013,7,-477.375
23:05:11.091,0013,8,-835.525
23:05:11.091,0013,9,-454.575
23:05:11.091,0013,10,-956.65
23:05:11.091,0013,11,673.075
23:05:11.128,0013,0,-958.075
23:05:11.128,0013,1,887.775
23:05:11.128,0013,2,763.8
23:05:11.128,0013,3,-972.325
23:05:11.128,0013,4,-972.325
23:05:11.128,0013,5,-732.925
23:05:11.128,0013,6,-825.55
23:05:11.128,0013,7,620.825
23:05:11.128,0013,8,-282.15
23:05:11.128,0013,9,-964.725
23:05:11.128,0013,10,-668.8
23:05:11.128,0013,11,236.55
23:05:11.224,0013,0,-958.075
23:05:11.224,0013,1,887.775
23:05:11.224,0013,2,763.8
23:05:11.224,0013,3,-972.325
23:05:11.224,0013,4,-970.9
23:05:11.224,0013,5,-23.75
23:05:11.224,0013,6,921.5
23:05:11.224,0013,7,-468.825
23:05:11.224,0013,8,798.475
23:05:11.224,0013,9,-809.4
23:05:11.224,0013,10,959.5
23:05:11.224,0013,11,-92.625
23:05:11.258,0013,0,-965.2
23:05:11.258,0013,1,-935.75
23:05:11.258,0013,2,763.8
23:05:11.258,0013,3,-972.325
23:05:11.258,0013,4,-972.325
23:05:11.258,0013,5,-850.725
23:05:11.258,0013,6,-506.35
23:05:11.258,0013,7,246.05
23:05:11.258,0013,8,304.95
23:05:11.258,0013,9,-881.125
23:05:11.258,0013,10,-670.225
23:05:11.258,0013,11,726.275
23:05:11.347,0013,0,-965.2
23:05:11.347,0013,1,-935.75
23:05:11.347,0013,2,763.8
23:05:11.347,0013,3,-972.325
23:05:11.347,0013,4,-972.325
23:05:11.347,0013,5,-847.875
23:05:11.347,0013,6,-291.175
23:05:11.347,0013,7,9.5
23:05:11.347,0013,8,363.85
23:05:11.347,0013,9,-822.225
23:05:11.347,0013,10,547.2
23:05:11.347,0013,11,819.85
23:05:11.350,0013,0,-965.2
23:05:11.350,0013,1,-935.75
23:05:11.350,0013,2,763.8
23:05:11.350,0013,3,-972.325
23:05:11.350,0013,4,-972.325
23:05:11.350,0013,5,-847.4
23:05:11.350,0013,6,-969.475
23:05:11.350,0013,7,-354.35
23:05:11.350,0013,8,-54.15
23:05:11.350,0013,9,-944.775
23:05:11.350,0013,10,-181.45
23:05:11.350,0013,11,-202.35
23:05:11.465,0013,0,-965.2
23:05:11.465,0013,1,-935.75
23:05:11.465,0013,2,763.8
23:05:11.465,0013,3,-972.325
23:05:11.465,0013,4,-970.425
23:05:11.465,0013,5,-539.6
23:05:11.465,0013,6,-75.05
23:05:11.465,0013,7,-346.275
23:05:11.465,0013,8,-462.65
23:05:11.465,0013,9,-936.7
23:05:11.465,0013,10,-727.7
23:05:11.465,0013,11,-714.4
23:05:11.469,0013,0,-965.2
23:05:11.469,0013,1,-935.75
23:05:11.469,0013,2,763.8
23:05:11.469,0013,3,-972.325
23:05:11.469,0013,4,-972.325
23:05:11.469,0013,5,-843.6
23:05:11.469,0013,6,-753.35
23:05:11.469,0013,7,-710.6
23:05:11.469,0013,8,455.05
23:05:11.469,0013,9,-933.375
23:05:11.469,0013,10,-789.925
23:05:11.469,0013,11,223.25
23:05:11.604,0013,0,-965.2
23:05:11.604,0013,1,-814.15
23:05:11.604,0013,2,763.8
23:05:11.604,0013,3,-972.325
23:05:11.604,0013,4,-972.325
23:05:11.604,0013,5,-840.75
23:05:11.604,0013,6,-74.575
23:05:11.604,0013,7,249.85
23:05:11.604,0013,8,-90.25
23:05:11.604,0013,9,-953.8
23:05:11.604,0013,10,912.0
23:05:11.604,0013,11,736.25
23:05:11.608,0013,0,-965.2
23:05:11.608,0013,1,-814.15
23:05:11.608,0013,2,763.8
23:05:11.608,0013,3,-972.325
23:05:11.608,0013,4,-972.325
23:05:11.608,0013,5,-839.8
23:05:11.608,0013,6,-427.025
23:05:11.608,0013,7,860.225
23:05:11.608,0013,8,-561.45
23:05:11.608,0013,9,-854.525
23:05:11.608,0013,10,789.925
23:05:11.608,0013,11,-518.225
23:05:11.721,0013,0,-965.2
23:05:11.721,0013,1,-814.15
23:05:11.721,0013,2,763.8
23:05:11.721,0013,3,-972.325
23:05:11.721,0013,4,-972.325
23:05:11.721,0013,5,-837.425
23:05:11.721,0013,6,-898.7
23:05:11.721,0013,7,379.525
23:05:11.721,0013,8,-945.25
23:05:11.721,0013,9,-837.9
23:05:11.721,0013,10,-60.8
23:05:11.721,0013,11,451.25
23:05:11.725,0013,0,-965.2
23:05:11.725,0013,1,-692.55
23:05:11.725,0013,2,763.8
23:05:11.725,0013,3,-972.325
23:05:11.725,0013,4,-971.375
23:05:11.725,0013,5,-443.175
23:05:11.725,0013,6,28.975
23:05:11.725,0013,7,-606.1
23:05:11.725,0013,8,-508.725
23:05:11.725,0013,9,-591.375
23:05:11.725,0013,10,456.95
23:05:11.725,0013,11,535.325
23:05:11.834,0013,0,-965.2
23:05:11.834,0013,1,-692.55
23:05:11.834,0013,2,763.8
23:05:11.834,0013,3,-972.325
23:05:11.834,0013,4,-972.325
23:05:11.834,0013,5,-834.1
23:05:11.834,0013,6,667.375
23:05:11.834,0013,7,732.45
23:05:11.834,0013,8,534.375
23:05:11.834,0013,9,862.125
23:05:11.834,0013,10,61.275
23:05:11.834,0013,11,118.75
23:05:11.865,0013,0,-965.2
23:05:11.865,0013,1,-692.55
23:05:11.865,0013,2,763.8
23:05:11.865,0013,3,-972.325
23:05:11.865,0013,4,-971.375
23:05:11.865,0013,5,-442.225
23:05:11.865,0013,6,-60.325
23:05:11.865,0013,7,252.225
23:05:11.865,0013,8,585.675
23:05:11.865,0013,9,-583.775
23:05:11.865,0013,10,510.15
23:05:11.865,0013,11,566.675
23:05:11.873,0013,0,-965.2
23:05:11.873,0013,1,-692.55
23:05:11.873,0013,2,763.8
23:05:11.873,0013,3,-972.325
23:05:11.873,0013,4,-972.325
23:05:11.873,0013,5,-830.775
23:05:11.873,0013,6,216.125
23:05:11.873,0013,7,-961.4
23:05:11.873,0013,8,-738.15
23:05:11.873,0013,9,-825.55
23:05:11.873,0013,10,-425.6
23:05:11.873,0013,11,595.65
23:05:11.975,0013,0,-965.2
23:05:11.975,0013,1,-692.55
23:05:11.975,0013,2,763.8
23:05:11.975,0013,3,-972.325
23:05:11.975,0013,4,-970.9
23:05:11.975,0013,5,-17.575
23:05:11.975,0013,6,493.05
23:05:11.975,0013,7,-349.125
23:05:11.975,0013,8,456.475
23:05:11.975,0013,9,-759.05
23:05:11.975,0013,10,963.775
23:05:11.975,0013,11,-214.225
23:05:11.980,0013,0,-965.2
23:05:11.980,0013,1,-692.55
23:05:11.980,0013,2,763.8
23:05:11.980,0013,3,-972.325
23:05:11.980,0013,4,-972.325
23:05:11.980,0013,5,-827.45
23:05:11.980,0013,6,-627.475
23:05:11.980,0013,7,262.2
23:05:11.980,0013,8,-750.025
23:05:11.980,0013,9,965.675
23:05:11.980,0013,10,-304.95
23:05:11.980,0013,11,-22.325
23:05:12.095,0013,0,-965.2
23:05:12.095,0013,1,-570.95
23:05:12.095,0013,2,763.8
23:05:12.095,0013,3,-972.325
23:05:12.095,0013,4,-971.375
23:05:12.095,0013,5,-440.325
23:05:12.095,0013,6,-131.575
23:05:12.095,0013,7,-848.35
23:05:12.095,0013,8,-174.325
23:05:12.095,0013,9,-317.775
23:05:12.095,0013,10,525.35
23:05:12.095,0013,11,527.725
23:05:12.127,0013,0,-965.2
23:05:12.127,0013,1,-570.95
23:05:12.127,0013,2,763.8
23:05:12.127,0013,3,-972.325
23:05:12.127,0013,4,-972.325
23:05:12.127,0013,5,-824.125
23:05:12.127,0013,6,-627.0
23:05:12.127,0013,7,858.325
23:05:12.127,0013,8,677.35
23:05:12.127,0013,9,-951.425
23:05:12.127,0013,10,182.4
23:05:12.127,0013,11,525.35
23:05:12.263,0013,0,-965.2
23:05:12.263,0013,1,-570.95
23:05:12.263,0013,2,763.8
23:05:12.263,0013,3,-972.325
23:05:12.263,0013,4,-970.9
23:05:12.263,0013,5,-15.675
23:05:12.263,0013,6,-25.175
23:05:12.263,0013,7,864.975
23:05:12.263,0013,8,600.875
23:05:12.263,0013,9,-747.65
23:05:12.263,0013,10,961.875
23:05:12.263,0013,11,-579.025
23:05:12.263,0013,0,-965.2
23:05:12.263,0013,1,-570.95
23:05:12.263,0013,2,763.8
23:05:12.263,0013,3,-972.325
23:05:12.263,0013,4,-970.425
23:05:12.263,0013,5,-537.7
23:05:12.263,0013,6,-771.4
23:05:12.263,0013,7,-712.975
23:05:12.263,0013,8,-470.25
23:05:12.263,0013,9,-937.175
23:05:12.263,0013,10,-727.7
23:05:12.263,0013,11,-592.8
23:05:12.341,0013,0,-965.2
23:05:12.341,0013,1,-449.35
23:05:12.341,0013,2,763.8
23:05:12.341,0013,3,-972.325
23:05:12.341,0013,4,-972.325
23:05:12.341,0013,5,-817.475
23:05:12.341,0013,6,-85.025
23:05:12.341,0013,7,247.0
23:05:12.341,0013,8,-508.25
23:05:12.341,0013,9,-947.15
23:05:12.341,0013,10,61.275
23:05:12.341,0013,11,479.75
23:05:12.344,0013,0,-965.2
23:05:12.344,0013,1,-449.35
23:05:12.344,0013,2,763.8
23:05:12.344,0013,3,-972.325
23:05:12.344,0013,4,-971.375
23:05:12.344,0013,5,-436.525
23:05:12.344,0013,6,826.975
23:05:12.344,0013,7,-597.55
23:05:12.344,0013,8,23.275
23:05:12.344,0013,9,-507.775
23:05:12.344,0013,10,76.95
23:05:12.344,0013,11,589.0
23:05:12.436,0013,0,-965.2
23:05:12.436,0013,1,-449.35
23:05:12.436,0013,2,763.8
23:05:12.436,0013,3,-972.325
23:05:12.436,0013,4,-972.325
23:05:12.436,0013,5,-814.625
23:05:12.436,0013,6,-870.2
23:05:12.436,0013,7,-475.95
23:05:12.436,0013,8,760.475
23:05:12.436,0013,9,836.475
23:05:12.436,0013,10,181.925
23:05:12.436,0013,11,386.175
23:05:12.477,0013,0,-965.2
23:05:12.477,0013,1,-449.35
23:05:12.477,0013,2,763.8
23:05:12.477,0013,3,-972.325
23:05:12.477,0013,4,-970.9
23:05:12.477,0013,5,-13.3
23:05:12.477,0013,6,-616.55
23:05:12.477,0013,7,867.35
23:05:12.477,0013,8,555.275
23:05:12.477,0013,9,-763.8
23:05:12.477,0013,10,957.6
23:05:12.477,0013,11,-213.75
23:05:12.558,0013,0,-965.2
23:05:12.558,0013,1,-327.75
23:05:12.558,0013,2,763.8
23:05:12.558,0013,3,-972.325
23:05:12.558,0013,4,-972.325
23:05:12.558,0013,5,-810.825
23:05:12.558,0013,6,-171.0
23:05:12.558,0013,7,-729.125
23:05:12.558,0013,8,-506.825
23:05:12.558,0013,9,718.675
23:05:12.558,0013,10,-797.525
23:05:12.558,0013,11,-536.75
23:05:12.597,0013,0,-965.2
23:05:12.597,0013,1,-327.75
23:05:12.597,0013,2,763.8
23:05:12.597,0013,3,-972.325
23:05:12.597,0013,4,-971.375
23:05:12.597,0013,5,-434.15
23:05:12.597,0013,6,-634.6
23:05:12.597,0013,7,616.075
23:05:12.597,0013,8,-485.925
23:05:12.597,0013,9,-446.975
23:05:12.597,0013,10,107.35
23:05:12.597,0013,11,587.575
23:05:12.600,0013,0,-965.2
23:05:12.600,0013,1,-327.75
23:05:12.600,0013,2,763.8
23:05:12.600,0013,3,-972.325
23:05:12.600,0013,4,-972.325
23:05:12.600,0013,5,-807.975
23:05:12.600,0013,6,-38.0
23:05:12.600,0013,7,-600.875
23:05:12.600,0013,8,-688.75
23:05:12.600,0013,9,-753.825
23:05:12.600,0013,10,303.525
23:05:12.600,0013,11,-480.225
23:05:12.723,0013,0,-965.2
23:05:12.723,0013,1,-327.75
23:05:12.723,0013,2,763.8
23:05:12.723,0013,3,-972.325
23:05:12.723,0013,4,-971.375
23:05:12.723,0013,5,-433.675
23:05:12.723,0013,6,-78.85
23:05:12.723,0013,7,862.6
23:05:12.723,0013,8,-554.325
23:05:12.723,0013,9,-370.975
23:05:12.723,0013,10,84.55
23:05:12.723,0013,11,513.95
23:05:12.755,0013,0,-965.2
23:05:12.755,0013,1,-327.75
23:05:12.755,0013,2,763.8
23:05:12.755,0013,3,-972.325
23:05:12.755,0013,4,-972.325
23:05:12.755,0013,5,-804.65
23:05:12.755,0013,6,420.85
23:05:12.755,0013,7,501.6
23:05:12.755,0013,8,420.85
23:05:12.755,0013,9,-817.95
23:05:12.755,0013,10,912.475
23:05:12.755,0013,11,652.65
23:05:12.842,0013,0,-965.2
23:05:12.842,0013,1,-206.15
23:05:12.842,0013,2,763.8
23:05:12.842,0013,3,-972.325
23:05:12.842,0013,4,-972.325
23:05:12.842,0013,5,-802.275
23:05:12.842,0013,6,413.25
23:05:12.842,0013,7,-728.175
23:05:12.842,0013,8,75.05
23:05:12.842,0013,9,-811.3
23:05:12.842,0013,10,912.475
23:05:12.842,0013,11,-496.85
23:05:12.846,0013,0,-965.2
23:05:12.846,0013,1,-206.15
23:05:12.846,0013,2,763.8
23:05:12.846,0013,3,-972.325
23:05:12.846,0013,4,-970.9
23:05:12.846,0013,5,-9.975
23:05:12.846,0013,6,739.1
23:05:12.846,0013,7,616.075
23:05:12.846,0013,8,106.875
23:05:12.846,0013,9,-763.8
23:05:12.846,0013,10,962.35
23:05:12.846,0013,11,-335.825
23:05:12.963,0013,0,-965.2
23:05:12.963,0013,1,-206.15
23:05:12.963,0013,2,763.8
23:05:12.963,0013,3,-972.325
23:05:12.963,0013,4,-972.325
23:05:12.963,0013,5,-798.475
23:05:12.963,0013,6,636.5
23:05:12.963,0013,7,861.175
23:05:12.963,0013,8,614.65
23:05:12.963,0013,9,-820.325
23:05:12.963,0013,10,-303.525
23:05:12.963,0013,11,-384.75
23:05:12.994,0013,0,-965.2
23:05:12.994,0013,1,-206.15
23:05:12.994,0013,2,763.8
23:05:12.994,0013,3,-972.325
23:05:12.994,0013,4,-971.375
23:05:12.994,0013,5,-430.35
23:05:12.994,0013,6,-503.975
23:05:12.994,0013,7,-592.325
23:05:12.994,0013,8,-288.325
23:05:12.994,0013,9,-279.775
23:05:12.994,0013,10,152.95
23:05:12.994,0013,11,488.775
23:05:13.079,0013,0,-965.2
23:05:13.079,0013,1,-206.15
23:05:13.079,0013,2,763.8
23:05:13.079,0013,3,-972.325
23:05:13.079,0013,4,-972.325
23:05:13.079,0013,5,-795.625
23:05:13.079,0013,6,-513.475
23:05:13.079,0013,7,16.625
23:05:13.079,0013,8,449.35
23:05:13.079,0013,9,-922.45
23:05:13.079,0013,10,-181.925
23:05:13.079,0013,11,971.85
23:05:13.130,0013,0,-965.2
23:05:13.130,0013,1,-84.55
23:05:13.130,0013,2,763.8
23:05:13.130,0013,3,-972.325
23:05:13.130,0013,4,-970.9
23:05:13.130,0013,5,-8.075
23:05:13.130,0013,6,221.35
23:05:13.130,0013,7,-115.425
23:05:13.130,0013,8,464.075
23:05:13.130,0013,9,-783.275
23:05:13.130,0013,10,961.875
23:05:13.130,0013,11,-92.625
23:05:13.161,0013,0,-965.2
23:05:13.161,0013,1,-84.55
23:05:13.161,0013,2,763.8
23:05:13.161,0013,3,-972.325
23:05:13.161,0013,4,-972.325
23:05:13.161,0013,5,-791.825
23:05:13.161,0013,6,178.125
23:05:13.161,0013,7,-236.55
23:05:13.161,0013,8,-608.95
23:05:13.161,0013,9,-812.25
23:05:13.161,0013,10,-789.925
23:05:13.161,0013,11,624.15
23:05:13.212,0013,0,-965.2
23:05:13.212,0013,1,-84.55
23:05:13.212,0013,2,763.8
23:05:13.212,0013,3,-972.325
23:05:13.212,0013,4,-970.9
23:05:13.212,0013,5,-7.6
23:05:13.212,0013,6,147.725
23:05:13.212,0013,7,618.45
23:05:13.212,0013,8,289.275
23:05:13.212,0013,9,-778.525
23:05:13.212,0013,10,962.825
23:05:13.212,0013,11,393.775
23:05:13.273,0013,0,-965.2
23:05:13.273,0013,1,-84.55
23:05:13.273,0013,2,763.8
23:05:13.273,0013,3,-972.325
23:05:13.273,0013,4,-972.325
23:05:13.273,0013,5,-789.45
23:05:13.273,0013,6,-740.525
23:05:13.273,0013,7,-474.525
23:05:13.273,0013,8,470.25
23:05:13.273,0013,9,-945.25
23:05:13.273,0013,10,-303.05
23:05:13.273,0013,11,-764.75
23:05:13.380,0013,0,-965.2
23:05:13.380,0013,1,-84.55
23:05:13.380,0013,2,763.8
23:05:13.380,0013,3,-972.325
23:05:13.380,0013,4,-970.9
23:05:13.380,0013,5,-6.65
23:05:13.380,0013,6,819.85
23:05:13.380,0013,7,-345.8
23:05:13.380,0013,8,935.275
23:05:13.380,0013,9,-781.85
23:05:13.380,0013,10,961.875
23:05:13.380,0013,11,-822.225
23:05:13.384,0013,0,-965.2
23:05:13.384,0013,1,37.05
23:05:13.384,0013,2,763.8
23:05:13.384,0013,3,-972.325
23:05:13.384,0013,4,-972.325
23:05:13.384,0013,5,-785.175
23:05:13.384,0013,6,-17.1
23:05:13.384,0013,7,610.85
23:05:13.384,0013,8,-228.95
23:05:13.384,0013,9,-928.15
23:05:13.384,0013,10,791.35
23:05:13.384,0013,11,223.25
23:05:13.469,0013,0,-965.2
23:05:13.469,0013,1,37.05
23:05:13.469,0013,2,763.8
23:05:13.469,0013,3,-972.325
23:05:13.469,0013,4,-971.375
23:05:13.469,0013,5,-426.075
23:05:13.469,0013,6,708.7
23:05:13.469,0013,7,371.925
23:05:13.469,0013,8,-75.525
23:05:13.469,0013,9,-728.175
23:05:13.469,0013,10,69.35
23:05:13.469,0013,11,575.7
23:05:13.500,0013,0,-965.2
23:05:13.500,0013,1,37.05
23:05:13.500,0013,2,763.8
23:05:13.500,0013,3,-972.325
23:05:13.500,0013,4,-972.325
23:05:13.500,0013,5,-782.325
23:05:13.500,0013,6,232.275
23:05:13.500,0013,7,860.7
23:05:13.500,0013,8,699.675
23:05:13.500,0013,9,863.075
23:05:13.500,0013,10,669.275
23:05:13.500,0013,11,-238.45
23:05:13.604,0013,0,-965.2
23:05:13.604,0013,1,37.05
23:05:13.604,0013,2,763.8
23:05:13.604,0013,3,-972.325
23:05:13.604,0013,4,-971.375
23:05:13.604,0013,5,-424.65
23:05:13.604,0013,6,-377.15
23:05:13.604,0013,7,260.775
23:05:13.604,0013,8,380.475
23:05:13.604,0013,9,-636.975
23:05:13.604,0013,10,190.95
23:05:13.604,0013,11,601.825
23:05:13.609,0013,0,-957.6
23:05:13.609,0013,1,37.05
23:05:13.609,0013,2,763.8
23:05:13.609,0013,3,-972.325
23:05:13.609,0013,4,-972.325
23:05:13.609,0013,5,-779.0
23:05:13.609,0013,6,944.775
23:05:13.609,0013,7,748.125
23:05:13.609,0013,8,671.65
23:05:13.609,0013,9,-953.8
23:05:13.609,0013,10,-181.925
23:05:13.609,0013,11,557.65
23:05:13.713,0013,0,-957.6
23:05:13.713,0013,1,158.65
23:05:13.713,0013,2,763.8
23:05:13.713,0013,3,-972.325
23:05:13.713,0013,4,-972.325
23:05:13.713,0013,5,-775.675
23:05:13.713,0013,6,29.45
23:05:13.713,0013,7,6.175
23:05:13.713,0013,8,-303.525
23:05:13.713,0013,9,960.45
23:05:13.713,0013,10,-676.4
23:05:13.713,0013,11,-637.45
23:05:13.759,0013,0,-957.6
23:05:13.759,0013,1,158.65
23:05:13.759,0013,2,763.8
23:05:13.759,0013,3,-972.325
23:05:13.759,0013,4,-972.325
23:05:13.759,0013,5,-774.725
23:05:13.759,0013,6,-631.75
23:05:13.759,0013,7,-964.725
23:05:13.759,0013,8,-905.35
23:05:13.759,0013,9,-829.825
23:05:13.759,0013,10,669.275
23:05:13.759,0013,11,-447.45
23:05:13.831,0013,0,-957.6
23:05:13.831,0013,1,158.65
23:05:13.831,0013,2,763.8
23:05:13.831,0013,3,-972.325
23:05:13.831,0013,4,-972.325
23:05:13.831,0013,5,-771.875
23:05:13.831,0013,6,-424.65
23:05:13.831,0013,7,744.8
23:05:13.831,0013,8,204.25
23:05:13.831,0013,9,-932.425
23:05:13.831,0013,10,61.75
23:05:13.831,0013,11,-470.25
23:05:13.863,0013,0,-957.6
23:05:13.863,0013,1,158.65
23:05:13.863,0013,2,763.8
23:05:13.863,0013,3,-972.325
23:05:13.863,0013,4,-972.325
23:05:13.863,0013,5,-771.4
23:05:13.863,0013,6,850.25
23:05:13.863,0013,7,258.875
23:05:13.863,0013,8,800.375
23:05:13.863,0013,9,854.05
23:05:13.863,0013,10,60.8
23:05:13.863,0013,11,-299.25
23:05:13.973,0013,0,-957.6
23:05:13.973,0013,1,280.25
23:05:13.973,0013,2,763.8
23:05:13.973,0013,3,-972.325
23:05:13.973,0013,4,-972.325
23:05:13.973,0013,5,-768.075
23:05:13.973,0013,6,263.15
23:05:13.973,0013,7,-360.525
23:05:13.973,0013,8,-595.65
23:05:13.973,0013,9,-827.45
23:05:13.973,0013,10,912.475
23:05:13.973,0013,11,-170.05
23:05:13.976,0013,0,-957.6
23:05:13.976,0013,1,280.25
23:05:13.976,0013,2,763.8
23:05:13.976,0013,3,-972.325
23:05:13.976,0013,4,-972.325
23:05:13.976,0013,5,-767.125
23:05:13.976,0013,6,-96.9
23:05:13.976,0013,7,250.325
23:05:13.976,0013,8,-820.325
23:05:13.976,0013,9,852.15
23:05:13.976,0013,10,554.325
23:05:13.976,0013,11,-58.425
23:05:14.093,0013,0,-957.6
23:05:14.093,0013,1,280.25
23:05:14.093,0013,2,763.8
23:05:14.093,0013,3,-972.325
23:05:14.093,0013,4,-972.325
23:05:14.093,0013,5,-764.275
23:05:14.093,0013,6,118.275
23:05:14.093,0013,7,13.775
23:05:14.093,0013,8,-871.15
23:05:14.093,0013,9,-864.025
23:05:14.093,0013,10,546.25
23:05:14.093,0013,11,323.475
23:05:14.096,0013,0,-957.6
23:05:14.096,0013,1,280.25
23:05:14.096,0013,2,763.8
23:05:14.096,0013,3,-972.325
23:05:14.096,0013,4,-972.325
23:05:14.096,0013,5,-763.8
23:05:14.096,0013,6,-187.625
23:05:14.096,0013,7,-228.475
23:05:14.096,0013,8,517.75
23:05:14.096,0013,9,-937.65
23:05:14.096,0013,10,-60.325
23:05:14.096,0013,11,-768.55
23:05:14.207,0013,0,-957.6
23:05:14.207,0013,1,401.85
23:05:14.207,0013,2,763.8
23:05:14.207,0013,3,-972.325
23:05:14.207,0013,4,-972.325
23:05:14.207,0013,5,-760.95
23:05:14.207,0013,6,498.75
23:05:14.207,0013,7,731.5
23:05:14.207,0013,8,863.075
23:05:14.207,0013,9,881.6
23:05:14.207,0013,10,791.35
23:05:14.207,0013,11,-823.65
23:05:14.239,0013,0,-957.6
23:05:14.239,0013,1,401.85
23:05:14.239,0013,2,763.8
23:05:14.239,0013,3,-972.325
23:05:14.239,0013,4,-969.0
23:05:14.239,0013,5,13.775
23:05:14.239,0013,6,521.55
23:05:14.239,0013,7,-473.575
23:05:14.239,0013,8,-615.6
23:05:14.239,0013,9,-605.625
23:05:14.239,0013,10,-967.575
23:05:14.239,0013,11,243.2
